district_name,victim_race,final_finding,partial_count,total_count,pct
11TH,Black,NA,4326,4853,0.89
7TH,Black,NA,3786,4224,0.9
6TH,Black,NA,3476,3895,0.89
5TH,Black,NA,2698,2964,0.91
15TH,Black,NA,2443,2758,0.89
3RD,Black,NA,2425,2737,0.89
7TH,Black,NS,2370,2576,0.92
4TH,Black,NA,2335,2674,0.87
11TH,Black,NS,2055,2286,0.9
6TH,Black,NS,2049,2363,0.87
8TH,Black,NA,2025,2242,0.9
10TH,Black,NA,1881,2049,0.92
2ND,Black,NA,1640,1809,0.91
22ND,Black,NA,1539,1821,0.85
9TH,Black,NA,1473,1626,0.91
3RD,Black,NS,1365,1546,0.88
4TH,Black,NS,1202,1351,0.89
5TH,Black,NS,1152,1284,0.9
7TH,Black,UN,1144,1290,0.89
25TH,Black,NA,1052,1231,0.85
5TH,Black,UN,973,1102,0.88
2ND,Black,NS,956,1132,0.84
9TH,Black,NS,905,1041,0.87
8TH,Black,NS,900,1026,0.88
25TH,Hispanic,NA,896,966,0.93
15TH,Black,NS,867,1121,0.77
11TH,Black,UN,817,980,0.83
9TH,Hispanic,NA,810,905,0.9
6TH,Black,UN,792,948,0.84
10TH,Black,NS,779,875,0.89
22ND,Black,NS,759,832,0.91
8TH,Hispanic,NA,741,837,0.89
14TH,Hispanic,NA,676,690,0.98
18TH,Black,NA,672,779,0.86
10TH,Hispanic,NA,671,791,0.85
12TH,Black,NA,649,720,0.9
16TH,White,NA,638,719,0.89
2ND,Black,UN,624,749,0.83
25TH,Hispanic,NS,613,662,0.93
24TH,Black,NA,601,670,0.9
3RD,Black,UN,584,672,0.87
8TH,Hispanic,NS,578,623,0.93
15TH,Black,UN,574,651,0.88
10TH,Black,UN,565,644,0.88
10TH,Hispanic,NS,550,564,0.98
8TH,Black,UN,531,635,0.84
25TH,Black,NS,531,562,0.94
4TH,Black,UN,508,641,0.79
25TH,Black,UN,504,569,0.89
22ND,Black,UN,502,557,0.9
18TH,Black,NS,502,552,0.91
8TH,White,NA,492,574,0.86
1ST,Black,NA,453,541,0.84
9TH,White,NA,450,494,0.91
11TH,Unspecified,NA,430,482,0.89
14TH,Black,NA,405,425,0.95
25TH,White,NA,404,448,0.9
9TH,Black,UN,390,449,0.87
18TH,White,NA,376,438,0.86
9TH,Hispanic,NS,367,414,0.89
24TH,Black,NS,363,397,0.91
4TH,Hispanic,NA,360,392,0.92
19TH,Black,NA,349,421,0.83
17TH,White,NA,344,370,0.93
8TH,Unspecified,NA,342,379,0.9
14TH,White,NA,329,343,0.96
31ST,Black,NA,324,379,0.85
8TH,Hispanic,UN,308,366,0.84
25TH,Hispanic,UN,297,364,0.82
18TH,Black,UN,291,354,0.82
16TH,White,NS,290,352,0.82
19TH,White,NA,280,360,0.78
8TH,White,NS,276,308,0.9
20TH,Black,NA,276,302,0.91
7TH,Black,EX,270,349,0.77
1ST,Black,NS,269,324,0.83
16TH,Hispanic,NA,268,304,0.88
18TH,Unspecified,NA,266,269,0.99
12TH,Black,NS,260,318,0.82
4TH,Hispanic,NS,255,274,0.93
1ST,White,NA,255,303,0.84
10TH,Unspecified,NA,255,283,0.9
15TH,Unspecified,NA,252,268,0.94
5TH,Unspecified,NA,248,254,0.98
16TH,Hispanic,NS,247,257,0.96
14TH,Hispanic,NS,242,267,0.91
24TH,White,NA,242,254,0.95
5TH,Black,EX,240,268,0.9
6TH,Black,EX,240,356,0.67
12TH,Hispanic,NA,237,279,0.85
7TH,Unspecified,NA,237,273,0.87
22ND,White,NA,231,270,0.86
25TH,Unspecified,NA,231,252,0.92
6TH,Unspecified,NA,229,273,0.84
9TH,White,NS,229,256,0.89
22ND,Black,EX,223,263,0.85
15TH,Black,EX,210,226,0.93
19TH,Black,NS,208,229,0.91
14TH,Black,NS,208,234,0.89
31ST,White,NA,204,216,0.94
17TH,Hispanic,NA,198,228,0.87
12TH,Hispanic,NS,198,215,0.92
11TH,Hispanic,NA,188,210,0.9
9TH,Hispanic,UN,186,219,0.85
11TH,Black,EX,186,294,0.63
16TH,Black,NA,185,203,0.91
1ST,Black,UN,184,279,0.66
19TH,Black,UN,182,214,0.85
4TH,Unspecified,NA,178,224,0.79
4TH,Black,EX,178,240,0.74
17TH,Black,NA,178,190,0.94
2ND,Black,SU,175,219,0.8
17TH,Hispanic,NS,170,192,0.89
25TH,Black,EX,163,178,0.92
22ND,White,NS,162,197,0.82
12TH,White,NA,160,178,0.9
9TH,Unspecified,NA,159,160,0.99
24TH,Black,UN,155,198,0.78
8TH,White,UN,155,187,0.83
19TH,White,NS,153,182,0.84
14TH,Unspecified,NA,149,235,0.63
12TH,Unspecified,NA,146,181,0.81
3RD,Unspecified,NA,144,157,0.92
14TH,White,NS,144,169,0.85
2ND,Black,EX,141,172,0.82
16TH,Unspecified,NA,138,160,0.86
16TH,White,UN,137,201,0.68
4TH,Hispanic,UN,136,140,0.97
22ND,Black,SU,135,176,0.77
19TH,Hispanic,NA,135,164,0.82
22ND,Unspecified,NA,133,144,0.92
5TH,Black,SU,133,197,0.68
14TH,Hispanic,UN,130,143,0.91
3RD,Black,EX,129,156,0.83
12TH,Black,UN,129,187,0.69
7TH,Black,SU,128,203,0.63
25TH,White,NS,125,141,0.89
2ND,Unspecified,NA,124,159,0.78
6TH,Black,SU,123,201,0.61
24TH,White,UN,123,138,0.89
10TH,White,NA,121,146,0.83
20TH,White,NA,119,144,0.83
17TH,White,NS,115,143,0.8
10TH,Hispanic,UN,111,144,0.77
12TH,Hispanic,UN,111,121,0.92
18TH,White,UN,109,138,0.79
11TH,White,NA,109,141,0.77
18TH,White,NS,109,143,0.76
17TH,Black,NS,107,120,0.89
24TH,Unspecified,NA,106,125,0.85
20TH,Black,NS,105,117,0.9
5TH,White,NA,103,145,0.71
20TH,Black,UN,101,117,0.86
4TH,Black,SU,101,144,0.7
31ST,Black,NS,101,119,0.85
4TH,White,NA,100,107,0.93
1ST,Unspecified,NA,100,121,0.83
8TH,Black,EX,96,118,0.81
14TH,Black,UN,94,122,0.77
16TH,White,SU,93,135,0.69
11TH,Unspecified,NS,91,113,0.81
10TH,Unspecified,NS,91,99,0.92
18TH,Hispanic,NA,90,106,0.85
18TH,Unspecified,NS,89,99,0.9
1ST,White,NS,88,146,0.6
19TH,White,UN,88,115,0.77
22ND,White,UN,87,96,0.91
31ST,Unspecified,NA,87,87,1
14TH,Hispanic,EX,87,89,0.98
24TH,White,NS,86,100,0.86
9TH,White,UN,83,91,0.91
11TH,Hispanic,UN,82,101,0.81
12TH,White,SU,82,89,0.92
24TH,Hispanic,NA,80,90,0.89
11TH,Hispanic,NS,80,90,0.89
19TH,Unspecified,NA,77,100,0.77
15TH,White,NA,77,80,0.96
25TH,White,UN,75,81,0.93
12TH,White,NS,74,81,0.91
14TH,White,UN,74,83,0.89
19TH,Hispanic,NS,73,75,0.97
8TH,White,SU,73,85,0.86
3RD,Black,SU,71,98,0.72
11TH,Black,SU,70,105,0.67
31ST,Black,UN,70,94,0.74
31ST,White,NS,69,92,0.75
17TH,White,UN,68,77,0.88
20TH,Hispanic,NA,67,71,0.94
31ST,White,SU,66,157,0.42
15TH,Black,SU,64,94,0.68
17TH,Unspecified,NA,62,68,0.91
2ND,White,NA,62,64,0.97
10TH,Black,EX,60,111,0.54
8TH,Black,SU,60,88,0.68
19TH,White,SU,59,74,0.8
17TH,Hispanic,UN,57,63,0.9
9TH,Black,EX,57,77,0.74
2ND,White,UN,56,81,0.69
1ST,Black,EX,56,76,0.74
2ND,Unspecified,UN,56,65,0.86
18TH,Hispanic,NS,55,59,0.93
11TH,Unspecified,UN,54,79,0.68
9TH,Hispanic,EX,53,77,0.69
31ST,Hispanic,NA,53,65,0.82
18TH,White,SU,52,67,0.78
20TH,Hispanic,NS,52,52,1
5TH,Hispanic,NA,52,54,0.96
20TH,White,NS,51,57,0.89
10TH,Hispanic,EX,51,63,0.81
16TH,Black,NS,51,54,0.94
19TH,Hispanic,UN,50,56,0.89
25TH,White,SU,50,60,0.83
22ND,White,SU,50,73,0.68
15TH,Unspecified,UN,50,56,0.89
1ST,White,UN,49,61,0.8
7TH,White,NA,48,55,0.87
14TH,Black,EX,48,54,0.89
3RD,Unspecified,NS,48,66,0.73
8TH,Hispanic,SU,48,58,0.83
18TH,Black,SU,48,52,0.92
10TH,White,NS,48,50,0.96
31ST,Unspecified,NS,47,52,0.9
20TH,Unspecified,NA,47,74,0.64
17TH,Black,UN,47,50,0.94
7TH,Hispanic,NA,46,48,0.96
11TH,White,NS,46,55,0.84
3RD,White,NA,46,48,0.96
12TH,White,UN,45,68,0.66
25TH,Black,SU,45,59,0.76
16TH,Hispanic,SU,45,55,0.82
25TH,Hispanic,EX,45,49,0.92
19TH,White,EX,44,59,0.75
9TH,Unspecified,NS,44,52,0.85
7TH,Unspecified,NS,44,67,0.66
14TH,Unspecified,UN,44,44,1
1ST,Hispanic,NA,43,57,0.75
14TH,Hispanic,SU,43,46,0.93
8TH,Unspecified,UN,42,50,0.84
10TH,Unspecified,UN,42,61,0.69
18TH,White,EX,42,50,0.84
18TH,Hispanic,UN,42,46,0.91
12TH,Black,EX,42,48,0.88
4TH,Unspecified,NS,41,70,0.59
25TH,Unspecified,NS,41,47,0.87
2ND,White,SU,40,59,0.68
7TH,Unspecified,UN,40,50,0.8
10TH,Hispanic,SU,40,46,0.87
9TH,White,EX,39,42,0.93
6TH,Unspecified,NS,39,42,0.93
19TH,Black,EX,38,46,0.83
24TH,Hispanic,UN,37,43,0.86
24TH,Unspecified,NS,36,36,1
22ND,Hispanic,NA,36,40,0.9
18TH,Black,EX,36,68,0.53
4TH,White,NS,36,39,0.92
25TH,Hispanic,SU,35,65,0.54
20TH,Asian/Pacific Islander,NS,35,37,0.95
24TH,Black,EX,35,39,0.9
2ND,White,NS,35,53,0.66
1ST,White,SU,35,57,0.61
5TH,White,NS,35,38,0.92
8TH,Asian/Pacific Islander,NA,35,37,0.95
16TH,Hispanic,UN,34,59,0.58
9TH,White,SU,33,39,0.85
7TH,White,NS,33,41,0.8
1ST,Black,SU,33,51,0.65
24TH,White,EX,33,36,0.92
20TH,White,UN,32,34,0.94
16TH,White,EX,32,50,0.64
9TH,Black,SU,32,58,0.55
5TH,White,SU,31,32,0.97
6TH,White,NA,31,35,0.89
31ST,White,UN,31,47,0.66
14TH,White,SU,31,36,0.86
11TH,White,UN,30,38,0.79
5TH,White,EX,30,31,0.97
14TH,White,EX,30,33,0.91
7TH,Hispanic,NS,30,31,0.97
12TH,Hispanic,SU,30,53,0.57
16TH,Black,UN,30,40,0.75
17TH,White,EX,30,35,0.86
15TH,White,UN,29,29,1
25TH,Unspecified,UN,29,35,0.83
17TH,Black,EX,29,31,0.94
8TH,Hispanic,EX,29,52,0.56
4TH,Unspecified,UN,29,33,0.88
1ST,Unspecified,NS,29,37,0.78
12TH,Black,SU,28,50,0.56
8TH,White,EX,28,29,0.97
31ST,Hispanic,NS,28,35,0.8
17TH,Unspecified,UN,28,36,0.78
14TH,Black,SU,28,41,0.68
6TH,Unspecified,UN,28,34,0.82
8TH,Unspecified,NS,27,32,0.84
24TH,Hispanic,NS,27,36,0.75
9TH,Hispanic,SU,27,46,0.59
10TH,White,EX,26,26,1
17TH,Unspecified,NS,26,38,0.68
9TH,Asian/Pacific Islander,NA,26,26,1
17TH,White,SU,25,36,0.69
31ST,Black,EX,25,25,1
31ST,Unspecified,SU,25,26,0.96
3RD,Unspecified,UN,25,25,1
4TH,White,UN,25,28,0.89
4TH,Hispanic,EX,25,31,0.81
16TH,Unspecified,NS,24,37,0.65
5TH,Unspecified,NS,24,33,0.73
18TH,Unspecified,UN,23,36,0.64
20TH,White,SU,23,29,0.79
1ST,Hispanic,NS,23,30,0.77
4TH,White,SU,23,26,0.88
15TH,White,NS,23,32,0.72
3RD,Unspecified,SU,22,22,1
6TH,Unspecified,EX,22,22,1
2ND,Unspecified,NS,21,25,0.84
17TH,Asian/Pacific Islander,NA,21,23,0.91
4TH,Hispanic,SU,21,35,0.6
22ND,Hispanic,NS,21,31,0.68
1ST,Unspecified,UN,21,30,0.7
15TH,White,SU,20,27,0.74
6TH,White,NS,20,22,0.91
20TH,Asian/Pacific Islander,NA,20,20,1
16TH,Asian/Pacific Islander,NS,20,26,0.77
15TH,Hispanic,NA,20,39,0.51
4TH,Unspecified,EX,20,21,0.95
19TH,Unspecified,UN,20,21,0.95
22ND,White,EX,19,19,1
11TH,Hispanic,SU,19,37,0.51
24TH,Asian/Pacific Islander,NA,19,25,0.76
16TH,Unspecified,UN,19,26,0.73
11TH,White,SU,18,23,0.78
15TH,Hispanic,NS,18,20,0.9
10TH,White,UN,18,23,0.78
12TH,Hispanic,EX,18,20,0.9
31ST,Asian/Pacific Islander,NA,18,18,1
10TH,Black,SU,18,79,0.23
12TH,Asian/Pacific Islander,NA,18,18,1
11TH,Unspecified,SU,18,20,0.9
8TH,Unspecified,SU,17,20,0.85
16TH,Hispanic,EX,17,26,0.65
6TH,Hispanic,NS,17,17,1
25TH,Unspecified,EX,17,17,1
10TH,White,SU,17,19,0.89
22ND,Unspecified,UN,17,23,0.74
19TH,Black,SU,17,20,0.85
24TH,Asian/Pacific Islander,NS,17,19,0.89
2ND,Unspecified,SU,16,24,0.67
31ST,Black,SU,16,20,0.8
18TH,Asian/Pacific Islander,NA,16,18,0.89
3RD,White,UN,16,19,0.84
15TH,Unspecified,SU,16,19,0.84
2ND,Hispanic,NA,16,23,0.7
12TH,Unspecified,NS,16,22,0.73
12TH,Unspecified,UN,15,17,0.88
5TH,White,UN,15,23,0.65
19TH,Asian/Pacific Islander,NA,15,17,0.88
15TH,Unspecified,NS,15,21,0.71
17TH,Hispanic,EX,15,31,0.48
17TH,Hispanic,SU,15,23,0.65
1ST,Unspecified,SU,15,20,0.75
12TH,White,EX,15,20,0.75
31ST,Hispanic,SU,15,15,1
14TH,Asian/Pacific Islander,SU,15,15,1
24TH,Unspecified,UN,15,15,1
3RD,White,NS,15,30,0.5
25TH,White,EX,14,20,0.7
24TH,Unspecified,EX,14,14,1
18TH,Unspecified,SU,14,25,0.56
1ST,Asian/Pacific Islander,NA,14,18,0.78
1ST,White,EX,13,24,0.54
11TH,Hispanic,EX,13,13,1
10TH,Unspecified,SU,13,13,1
19TH,Unspecified,SU,13,13,1
17TH,Unspecified,SU,13,15,0.87
20TH,Hispanic,SU,13,13,1
20TH,Black,EX,12,14,0.86
18TH,Hispanic,SU,12,22,0.55
1ST,Hispanic,UN,12,34,0.35
3RD,Hispanic,NS,12,17,0.71
3RD,White,SU,12,15,0.8
19TH,Unspecified,NS,12,20,0.6
16TH,Asian/Pacific Islander,NA,12,12,1
4TH,White,EX,12,15,0.8
9TH,Unspecified,UN,12,16,0.75
15TH,Hispanic,UN,12,12,1
7TH,Unspecified,EX,12,14,0.86
14TH,Unspecified,NS,12,12,1
14TH,Asian/Pacific Islander,NA,12,12,1
7TH,White,SU,11,13,0.85
16TH,Unspecified,SU,11,11,1
24TH,White,SU,11,19,0.58
1ST,Hispanic,SU,11,19,0.58
14TH,Unspecified,SU,11,13,0.85
7TH,Asian/Pacific Islander,SU,11,11,1
2ND,Hispanic,UN,11,20,0.55
9TH,Asian/Pacific Islander,NS,11,11,1
5TH,Unspecified,UN,11,19,0.58
20TH,Hispanic,UN,11,19,0.58
7TH,Asian/Pacific Islander,UN,10,10,1
16TH,Black,EX,10,10,1
22ND,Hispanic,SU,10,10,1
22ND,Unspecified,NS,10,18,0.56
24TH,Black,SU,10,12,0.83
24TH,Hispanic,EX,10,10,1
31ST,Hispanic,UN,10,20,0.5
5TH,Hispanic,NS,10,14,0.71
5TH,Unspecified,SU,10,12,0.83
6TH,Hispanic,NA,10,20,0.5
7TH,Hispanic,SU,10,10,1
7TH,Unspecified,SU,10,10,1
9TH,Asian/Pacific Islander,UN,10,19,0.53
6TH,White,SU,9,12,0.75
20TH,Unspecified,NS,9,15,0.6
6TH,White,EX,9,9,1
20TH,Black,SU,9,11,0.82
9TH,Unspecified,SU,9,13,0.69
4TH,Unspecified,SU,9,15,0.6
19TH,Hispanic,SU,9,20,0.45
17TH,Asian/Pacific Islander,SU,9,9,1
2ND,Unspecified,EX,9,9,1
17TH,Asian/Pacific Islander,UN,9,9,1
4TH,Asian/Pacific Islander,NA,9,11,0.82
19TH,Asian/Pacific Islander,NS,8,10,0.8
20TH,White,EX,8,12,0.67
5TH,Unspecified,EX,8,10,0.8
25TH,Asian/Pacific Islander,NA,8,8,1
20TH,Unspecified,UN,8,14,0.57
22ND,Hispanic,UN,8,20,0.4
25TH,Unspecified,SU,8,12,0.67
3RD,Asian/Pacific Islander,NA,8,8,1
18TH,Native American/Alaskan Native,NA,8,8,1
7TH,Hispanic,UN,8,15,0.53
4TH,Asian/Pacific Islander,NS,8,8,1
14TH,Asian/Pacific Islander,UN,8,8,1
24TH,Hispanic,SU,8,10,0.8
2ND,Asian/Pacific Islander,NA,7,11,0.64
22ND,Asian/Pacific Islander,NA,7,7,1
16TH,Asian/Pacific Islander,UN,7,9,0.78
17TH,Unspecified,EX,7,8,0.88
20TH,Asian/Pacific Islander,EX,7,8,0.88
14TH,Asian/Pacific Islander,NS,7,7,1
24TH,Asian/Pacific Islander,UN,6,6,1
19TH,Hispanic,EX,6,6,1
19TH,Asian/Pacific Islander,UN,6,6,1
3RD,Hispanic,UN,6,6,1
2ND,Hispanic,NS,6,8,0.75
7TH,Asian/Pacific Islander,NA,6,8,0.75
14TH,Asian/Pacific Islander,EX,6,6,1
11TH,Unspecified,EX,6,6,1
15TH,Unspecified,EX,6,7,0.86
19TH,Unspecified,EX,6,6,1
5TH,Asian/Pacific Islander,UN,6,6,1
11TH,Asian/Pacific Islander,NA,6,12,0.5
5TH,Hispanic,SU,6,6,1
20TH,Hispanic,EX,6,11,0.55
9TH,Native American/Alaskan Native,NS,6,6,1
15TH,Hispanic,EX,6,8,0.75
22ND,Unspecified,EX,6,8,0.75
22ND,Hispanic,EX,6,6,1
12TH,Asian/Pacific Islander,UN,5,7,0.71
1ST,Hispanic,EX,5,5,1
16TH,Black,SU,5,7,0.71
6TH,White,UN,5,5,1
10TH,Asian/Pacific Islander,NS,5,5,1
17TH,Black,SU,5,15,0.33
12TH,Unspecified,SU,5,17,0.29
7TH,White,UN,5,5,1
11TH,Asian/Pacific Islander,NS,5,5,1
6TH,Asian/Pacific Islander,NS,5,5,1
17TH,Asian/Pacific Islander,NS,5,5,1
1ST,Asian/Pacific Islander,UN,4,4,1
8TH,Asian/Pacific Islander,NS,4,4,1
3RD,Hispanic,NA,4,14,0.29
18TH,Asian/Pacific Islander,NS,4,4,1
19TH,Native American/Alaskan Native,NA,4,4,1
18TH,Asian/Pacific Islander,EX,4,4,1
20TH,Asian/Pacific Islander,UN,4,5,0.8
24TH,Native American/Alaskan Native,NA,4,4,1
1ST,Native American/Alaskan Native,NA,4,6,0.67
22ND,Unspecified,SU,4,5,0.8
25TH,Asian/Pacific Islander,SU,4,4,1
6TH,Unspecified,SU,4,4,1
9TH,Unspecified,EX,4,36,0.11
8TH,Asian/Pacific Islander,EX,4,4,1
31ST,Native American/Alaskan Native,NS,4,4,1
18TH,Native American/Alaskan Native,NS,4,4,1
19TH,Native American/Alaskan Native,UN,3,3,1
31ST,Asian/Pacific Islander,UN,3,3,1
20TH,Native American/Alaskan Native,SU,3,3,1
5TH,Asian/Pacific Islander,NA,3,3,1
2ND,Asian/Pacific Islander,UN,3,7,0.43
1ST,Unspecified,EX,3,3,1
25TH,Native American/Alaskan Native,NA,3,3,1
2ND,Hispanic,SU,3,4,0.75
31ST,Unspecified,UN,3,3,1
2ND,White,EX,3,3,1
20TH,Native American/Alaskan Native,NA,3,3,1
24TH,Native American/Alaskan Native,UN,3,3,1
1ST,Native American/Alaskan Native,EX,2,2,1
12TH,Unspecified,EX,2,3,0.67
2ND,Native American/Alaskan Native,NA,2,2,1
7TH,Native American/Alaskan Native,NA,2,2,1
1ST,Asian/Pacific Islander,SU,2,3,0.67
16TH,Native American/Alaskan Native,UN,2,2,1
12TH,Native American/Alaskan Native,UN,2,2,1
10TH,Asian/Pacific Islander,NA,2,2,1
31ST,Asian/Pacific Islander,NS,2,2,1
24TH,Asian/Pacific Islander,SU,2,3,0.67
25TH,Asian/Pacific Islander,UN,2,2,1
8TH,Asian/Pacific Islander,UN,2,2,1
25TH,Native American/Alaskan Native,NS,2,2,1
18TH,Hispanic,EX,2,2,1
25TH,Native American/Alaskan Native,SU,2,2,1
12TH,Asian/Pacific Islander,NS,2,2,1
25TH,Native American/Alaskan Native,UN,2,2,1
6TH,Asian/Pacific Islander,SU,2,2,1
16TH,Asian/Pacific Islander,EX,2,3,0.67
6TH,Hispanic,UN,2,8,0.25
18TH,Asian/Pacific Islander,UN,2,2,1
20TH,Asian/Pacific Islander,SU,2,2,1
2ND,Asian/Pacific Islander,SU,2,2,1
8TH,Unspecified,EX,2,2,1
31ST,Native American/Alaskan Native,NA,2,2,1
5TH,Asian/Pacific Islander,NS,2,2,1
6TH,Hispanic,EX,2,2,1
31ST,Unspecified,EX,2,2,1
15TH,Native American/Alaskan Native,NA,2,2,1
9TH,Asian/Pacific Islander,EX,2,2,1
3RD,Hispanic,SU,2,2,1
5TH,Hispanic,UN,2,8,0.25
20TH,Unspecified,EX,2,2,1
5TH,Native American/Alaskan Native,NA,2,2,1
25TH,Asian/Pacific Islander,NS,2,2,1
25TH,Asian/Pacific Islander,EX,2,2,1
22ND,Native American/Alaskan Native,NA,2,2,1
17TH,Asian/Pacific Islander,EX,2,2,1
2ND,Native American/Alaskan Native,UN,2,2,1
6TH,Asian/Pacific Islander,EX,1,1,1
14TH,Native American/Alaskan Native,NA,1,1,1
9TH,Native American/Alaskan Native,NA,1,1,1
6TH,Asian/Pacific Islander,NA,1,1,1
8TH,Asian/Pacific Islander,SU,1,1,1
11TH,Native American/Alaskan Native,UN,1,1,1
14TH,Native American/Alaskan Native,UN,1,1,1
31ST,Asian/Pacific Islander,SU,1,1,1
3RD,Asian/Pacific Islander,SU,1,1,1
15TH,Asian/Pacific Islander,NA,1,1,1
22ND,Native American/Alaskan Native,UN,1,1,1
15TH,Asian/Pacific Islander,UN,1,1,1
10TH,Unspecified,EX,1,1,1
18TH,Unspecified,EX,1,3,0.33
24TH,Unspecified,SU,1,3,0.33
18TH,Asian/Pacific Islander,SU,1,1,1
16TH,Asian/Pacific Islander,SU,1,5,0.2
11TH,Asian/Pacific Islander,SU,1,1,1
10TH,Asian/Pacific Islander,SU,1,1,1
15TH,Unspecified,Unspecified,0,9,0
15TH,Native American/Alaskan Native,Unspecified,0,0,0
4TH,White,Unspecified,0,29,0
5TH,Asian/Pacific Islander,EX,0,0,0
5TH,Asian/Pacific Islander,SU,0,0,0
5TH,Asian/Pacific Islander,Unspecified,0,0,0
15TH,Native American/Alaskan Native,UN,0,0,0
15TH,Native American/Alaskan Native,SU,0,0,0
15TH,Native American/Alaskan Native,NS,0,0,0
15TH,Native American/Alaskan Native,EX,0,0,0
5TH,Black,Unspecified,0,481,0
5TH,Hispanic,EX,0,0,0
15TH,Hispanic,Unspecified,0,14,0
10TH,Asian/Pacific Islander,Unspecified,0,0,0
5TH,Hispanic,Unspecified,0,3,0
5TH,Native American/Alaskan Native,EX,0,0,0
5TH,Native American/Alaskan Native,NS,0,0,0
5TH,Native American/Alaskan Native,SU,0,0,0
5TH,Native American/Alaskan Native,UN,0,0,0
5TH,Native American/Alaskan Native,Unspecified,0,0,0
15TH,Hispanic,SU,0,2,0
10TH,Asian/Pacific Islander,UN,0,0,0
15TH,Black,Unspecified,0,206,0
5TH,Unspecified,Unspecified,0,50,0
15TH,Asian/Pacific Islander,Unspecified,0,0,0
15TH,Asian/Pacific Islander,SU,0,0,0
15TH,Asian/Pacific Islander,NS,0,1,0
5TH,White,Unspecified,0,14,0
6TH,Asian/Pacific Islander,UN,0,0,0
6TH,Asian/Pacific Islander,Unspecified,0,2,0
15TH,Asian/Pacific Islander,EX,0,0,0
14TH,White,Unspecified,0,66,0
14TH,Unspecified,Unspecified,0,12,0
14TH,Unspecified,EX,0,0,0
14TH,Native American/Alaskan Native,Unspecified,0,1,0
6TH,Black,Unspecified,0,487,0
6TH,Hispanic,SU,0,0,0
6TH,Hispanic,Unspecified,0,3,0
6TH,Native American/Alaskan Native,EX,0,0,0
6TH,Native American/Alaskan Native,NA,0,0,0
6TH,Native American/Alaskan Native,NS,0,0,0
6TH,Native American/Alaskan Native,SU,0,0,0
6TH,Native American/Alaskan Native,UN,0,0,0
6TH,Native American/Alaskan Native,Unspecified,0,0,0
14TH,Native American/Alaskan Native,SU,0,0,0
14TH,Native American/Alaskan Native,NS,0,1,0
14TH,Native American/Alaskan Native,EX,0,0,0
6TH,Unspecified,Unspecified,0,32,0
14TH,Hispanic,Unspecified,0,63,0
14TH,Black,Unspecified,0,18,0
6TH,White,Unspecified,0,11,0
7TH,Asian/Pacific Islander,EX,0,0,0
7TH,Asian/Pacific Islander,NS,0,0,0
14TH,Asian/Pacific Islander,Unspecified,0,3,0
10TH,Asian/Pacific Islander,EX,0,6,0
7TH,Asian/Pacific Islander,Unspecified,0,0,0
12TH,White,Unspecified,0,25,0
12TH,Unspecified,Unspecified,0,25,0
7TH,Black,Unspecified,0,678,0
7TH,Hispanic,EX,0,0,0
7TH,Hispanic,Unspecified,0,13,0
7TH,Native American/Alaskan Native,EX,0,0,0
7TH,Native American/Alaskan Native,NS,0,0,0
7TH,Native American/Alaskan Native,SU,0,0,0
7TH,Native American/Alaskan Native,UN,0,0,0
7TH,Native American/Alaskan Native,Unspecified,0,0,0
12TH,Native American/Alaskan Native,Unspecified,0,0,0
12TH,Native American/Alaskan Native,SU,0,0,0
12TH,Native American/Alaskan Native,NS,0,0,0
7TH,Unspecified,Unspecified,0,46,0
7TH,White,EX,0,2,0
12TH,Native American/Alaskan Native,NA,0,0,0
12TH,Native American/Alaskan Native,EX,0,0,0
12TH,Hispanic,Unspecified,0,48,0
7TH,White,Unspecified,0,14,0
12TH,Black,Unspecified,0,186,0
8TH,Asian/Pacific Islander,Unspecified,0,5,0
12TH,Asian/Pacific Islander,Unspecified,0,8,0
12TH,Asian/Pacific Islander,SU,0,4,0
12TH,Asian/Pacific Islander,EX,0,0,0
8TH,Black,Unspecified,0,343,0
11TH,White,Unspecified,0,38,0
11TH,White,EX,0,1,0
11TH,Unspecified,Unspecified,0,72,0
11TH,Native American/Alaskan Native,Unspecified,0,0,0
8TH,Hispanic,Unspecified,0,214,0
8TH,Native American/Alaskan Native,EX,0,0,0
8TH,Native American/Alaskan Native,NA,0,0,0
8TH,Native American/Alaskan Native,NS,0,2,0
8TH,Native American/Alaskan Native,SU,0,0,0
8TH,Native American/Alaskan Native,UN,0,0,0
8TH,Native American/Alaskan Native,Unspecified,0,0,0
11TH,Native American/Alaskan Native,SU,0,0,0
11TH,Native American/Alaskan Native,NS,0,0,0
11TH,Native American/Alaskan Native,NA,0,0,0
8TH,Unspecified,Unspecified,0,199,0
11TH,Native American/Alaskan Native,EX,0,0,0
11TH,Hispanic,Unspecified,0,24,0
11TH,Black,Unspecified,0,712,0
11TH,Asian/Pacific Islander,Unspecified,0,0,0
11TH,Asian/Pacific Islander,UN,0,0,0
8TH,White,Unspecified,0,156,0
9TH,Asian/Pacific Islander,SU,0,0,0
9TH,White,Unspecified,0,51,0
9TH,Asian/Pacific Islander,Unspecified,0,2,0
11TH,Asian/Pacific Islander,EX,0,0,0
10TH,White,Unspecified,0,0,0
10TH,Unspecified,Unspecified,0,48,0
9TH,Black,Unspecified,0,145,0
10TH,Native American/Alaskan Native,Unspecified,0,0,0
10TH,Native American/Alaskan Native,UN,0,0,0
10TH,Native American/Alaskan Native,SU,0,0,0
10TH,Native American/Alaskan Native,NS,0,0,0
10TH,Native American/Alaskan Native,NA,0,0,0
9TH,Hispanic,Unspecified,0,67,0
9TH,Native American/Alaskan Native,EX,0,0,0
9TH,Native American/Alaskan Native,SU,0,0,0
9TH,Native American/Alaskan Native,UN,0,0,0
9TH,Native American/Alaskan Native,Unspecified,0,0,0
22ND,Asian/Pacific Islander,UN,0,0,0
22ND,Asian/Pacific Islander,Unspecified,0,2,0
22ND,Asian/Pacific Islander,SU,0,0,0
22ND,Asian/Pacific Islander,NS,0,0,0
22ND,Asian/Pacific Islander,EX,0,0,0
20TH,White,Unspecified,0,69,0
22ND,Black,Unspecified,0,310,0
10TH,Native American/Alaskan Native,EX,0,0,0
20TH,Unspecified,Unspecified,0,30,0
22ND,Hispanic,Unspecified,0,15,0
22ND,Native American/Alaskan Native,EX,0,0,0
22ND,Native American/Alaskan Native,NS,0,0,0
22ND,Native American/Alaskan Native,SU,0,0,0
22ND,Native American/Alaskan Native,Unspecified,0,0,0
10TH,Hispanic,Unspecified,0,71,0
20TH,Unspecified,SU,0,0,0
22ND,Unspecified,Unspecified,0,31,0
20TH,Native American/Alaskan Native,Unspecified,0,0,0
20TH,Native American/Alaskan Native,UN,0,0,0
22ND,White,Unspecified,0,53,0
24TH,Asian/Pacific Islander,EX,0,0,0
20TH,Native American/Alaskan Native,NS,0,0,0
24TH,Asian/Pacific Islander,Unspecified,0,5,0
20TH,Native American/Alaskan Native,EX,0,0,0
20TH,Hispanic,Unspecified,0,17,0
20TH,Black,Unspecified,0,49,0
24TH,Black,Unspecified,0,116,0
10TH,Black,Unspecified,0,238,0
20TH,Asian/Pacific Islander,Unspecified,0,20,0
24TH,Hispanic,Unspecified,0,5,0
24TH,Native American/Alaskan Native,EX,0,0,0
24TH,Native American/Alaskan Native,NS,0,0,0
24TH,Native American/Alaskan Native,SU,0,0,0
24TH,Native American/Alaskan Native,Unspecified,0,0,0
1ST,White,Unspecified,0,94,0
1ST,Unspecified,Unspecified,0,31,0
24TH,Unspecified,Unspecified,0,21,0
1ST,Native American/Alaskan Native,Unspecified,0,0,0
1ST,Native American/Alaskan Native,UN,0,0,0
1ST,Native American/Alaskan Native,SU,0,1,0
1ST,Native American/Alaskan Native,NS,0,0,0
24TH,White,Unspecified,0,56,0
25TH,Asian/Pacific Islander,Unspecified,0,2,0
1ST,Hispanic,Unspecified,0,13,0
1ST,Black,Unspecified,0,168,0
25TH,Black,Unspecified,0,164,0
1ST,Asian/Pacific Islander,Unspecified,0,8,0
1ST,Asian/Pacific Islander,NS,0,4,0
1ST,Asian/Pacific Islander,EX,0,6,0
25TH,Hispanic,Unspecified,0,192,0
25TH,Native American/Alaskan Native,EX,0,0,0
25TH,Native American/Alaskan Native,Unspecified,0,0,0
19TH,White,Unspecified,0,43,0
19TH,Unspecified,Unspecified,0,12,0
19TH,Native American/Alaskan Native,Unspecified,0,0,0
25TH,Unspecified,Unspecified,0,39,0
19TH,Native American/Alaskan Native,SU,0,0,0
19TH,Native American/Alaskan Native,NS,0,0,0
19TH,Native American/Alaskan Native,EX,0,0,0
25TH,White,Unspecified,0,69,0
2ND,Asian/Pacific Islander,EX,0,0,0
2ND,Asian/Pacific Islander,NS,0,0,0
2ND,Asian/Pacific Islander,Unspecified,0,1,0
19TH,Hispanic,Unspecified,0,24,0
19TH,Black,Unspecified,0,61,0
19TH,Asian/Pacific Islander,Unspecified,0,3,0
2ND,Black,Unspecified,0,281,0
2ND,Hispanic,EX,0,0,0
19TH,Asian/Pacific Islander,SU,0,0,0
2ND,Hispanic,Unspecified,0,18,0
2ND,Native American/Alaskan Native,EX,0,0,0
2ND,Native American/Alaskan Native,NS,0,0,0
2ND,Native American/Alaskan Native,SU,0,0,0
2ND,Native American/Alaskan Native,Unspecified,0,1,0
19TH,Asian/Pacific Islander,EX,0,0,0
18TH,White,Unspecified,0,75,0
18TH,Unspecified,Unspecified,0,20,0
2ND,Unspecified,Unspecified,0,36,0
18TH,Native American/Alaskan Native,Unspecified,0,0,0
18TH,Native American/Alaskan Native,UN,0,0,0
18TH,Native American/Alaskan Native,SU,0,0,0
2ND,White,Unspecified,0,38,0
31ST,Asian/Pacific Islander,EX,0,0,0
31ST,Asian/Pacific Islander,Unspecified,0,0,0
18TH,Native American/Alaskan Native,EX,0,0,0
18TH,Hispanic,Unspecified,0,10,0
18TH,Black,Unspecified,0,177,0
31ST,Black,Unspecified,0,34,0
31ST,Hispanic,EX,0,0,0
18TH,Asian/Pacific Islander,Unspecified,0,1,0
9TH,Unspecified,Unspecified,0,35,0
31ST,Hispanic,Unspecified,0,21,0
31ST,Native American/Alaskan Native,EX,0,0,0
31ST,Native American/Alaskan Native,SU,0,0,0
31ST,Native American/Alaskan Native,UN,0,0,0
31ST,Native American/Alaskan Native,Unspecified,0,0,0
17TH,White,Unspecified,0,77,0
31ST,Unspecified,Unspecified,0,13,0
31ST,White,EX,0,0,0
17TH,Unspecified,Unspecified,0,2,0
17TH,Native American/Alaskan Native,Unspecified,0,0,0
17TH,Native American/Alaskan Native,UN,0,0,0
31ST,White,Unspecified,0,53,0
3RD,Asian/Pacific Islander,EX,0,0,0
3RD,Asian/Pacific Islander,NS,0,0,0
3RD,Asian/Pacific Islander,UN,0,0,0
3RD,Asian/Pacific Islander,Unspecified,0,13,0
17TH,Native American/Alaskan Native,SU,0,0,0
17TH,Native American/Alaskan Native,NS,0,0,0
17TH,Native American/Alaskan Native,NA,0,0,0
17TH,Native American/Alaskan Native,EX,0,0,0
17TH,Hispanic,Unspecified,0,53,0
3RD,Black,Unspecified,0,358,0
3RD,Hispanic,EX,0,0,0
17TH,Black,Unspecified,0,12,0
3RD,Hispanic,Unspecified,0,2,0
3RD,Native American/Alaskan Native,EX,0,0,0
3RD,Native American/Alaskan Native,NA,0,0,0
3RD,Native American/Alaskan Native,NS,0,2,0
3RD,Native American/Alaskan Native,SU,0,0,0
3RD,Native American/Alaskan Native,UN,0,4,0
3RD,Native American/Alaskan Native,Unspecified,0,0,0
3RD,Unspecified,EX,0,0,0
17TH,Asian/Pacific Islander,Unspecified,0,3,0
3RD,Unspecified,Unspecified,0,25,0
3RD,White,EX,0,0,0
16TH,White,Unspecified,0,102,0
16TH,Unspecified,Unspecified,0,27,0
3RD,White,Unspecified,0,21,0
4TH,Asian/Pacific Islander,EX,0,0,0
4TH,Asian/Pacific Islander,SU,0,0,0
4TH,Asian/Pacific Islander,UN,0,0,0
4TH,Asian/Pacific Islander,Unspecified,0,0,0
16TH,Unspecified,EX,0,1,0
16TH,Native American/Alaskan Native,Unspecified,0,10,0
16TH,Native American/Alaskan Native,SU,0,0,0
16TH,Native American/Alaskan Native,NS,0,0,0
4TH,Black,Unspecified,0,595,0
16TH,Native American/Alaskan Native,NA,0,0,0
16TH,Native American/Alaskan Native,EX,0,0,0
16TH,Hispanic,Unspecified,0,50,0
16TH,Black,Unspecified,0,30,0
4TH,Hispanic,Unspecified,0,93,0
4TH,Native American/Alaskan Native,EX,0,0,0
4TH,Native American/Alaskan Native,NA,0,0,0
4TH,Native American/Alaskan Native,NS,0,0,0
4TH,Native American/Alaskan Native,SU,0,0,0
4TH,Native American/Alaskan Native,UN,0,0,0
4TH,Native American/Alaskan Native,Unspecified,0,0,0
16TH,Asian/Pacific Islander,Unspecified,0,4,0
4TH,Unspecified,Unspecified,0,60,0
15TH,White,Unspecified,0,13,0
15TH,White,EX,0,0,0
