district_name,victim_race,final_outcome,partial_count,total_count,pct
10TH,Asian/Pacific Islander,Administrative Termination,0,0,0
10TH,Asian/Pacific Islander,No Action Taken,7,7,1
10TH,Asian/Pacific Islander,Penalty Not Served,0,0,0
10TH,Asian/Pacific Islander,Reinstated By Court Action,0,0,0
10TH,Asian/Pacific Islander,Reinstated By Police Board,0,0,0
10TH,Asian/Pacific Islander,Reprimand,0,0,0
10TH,Asian/Pacific Islander,Resigned,0,1,0
10TH,Asian/Pacific Islander,Resigned -Not Served,0,0,0
10TH,Asian/Pacific Islander,Separated Other Case,0,0,0
10TH,Asian/Pacific Islander,Separation,0,0,0
10TH,Asian/Pacific Islander,Suspended,0,0,0
10TH,Asian/Pacific Islander,Sustained-No Penalty,0,0,0
10TH,Asian/Pacific Islander,Unspecified,0,6,0
10TH,Asian/Pacific Islander,Violation Noted,0,0,0
10TH,Black,Administrative Termination,0,0,0
10TH,Black,No Action Taken,3352,3358,1
10TH,Black,Penalty Not Served,0,0,0
10TH,Black,Reinstated By Court Action,0,0,0
10TH,Black,Reinstated By Police Board,0,0,0
10TH,Black,Reprimand,1,4,0.25
10TH,Black,Resigned,0,1,0
10TH,Black,Resigned -Not Served,0,0,0
10TH,Black,Separated Other Case,0,0,0
10TH,Black,Separation,0,0,0
10TH,Black,Suspended,0,44,0
10TH,Black,Sustained-No Penalty,0,0,0
10TH,Black,Unspecified,0,581,0
10TH,Black,Violation Noted,6,8,0.75
10TH,Hispanic,Administrative Termination,0,0,0
10TH,Hispanic,No Action Taken,1390,1392,1
10TH,Hispanic,Penalty Not Served,0,2,0
10TH,Hispanic,Reinstated By Court Action,0,0,0
10TH,Hispanic,Reinstated By Police Board,0,0,0
10TH,Hispanic,Reprimand,4,6,0.67
10TH,Hispanic,Resigned,0,2,0
10TH,Hispanic,Resigned -Not Served,0,0,0
10TH,Hispanic,Separated Other Case,0,0,0
10TH,Hispanic,Separation,0,0,0
10TH,Hispanic,Suspended,0,30,0
10TH,Hispanic,Sustained-No Penalty,0,0,0
10TH,Hispanic,Unspecified,0,241,0
10TH,Hispanic,Violation Noted,6,6,1
10TH,Native American/Alaskan Native,Administrative Termination,0,0,0
10TH,Native American/Alaskan Native,No Action Taken,0,0,0
10TH,Native American/Alaskan Native,Penalty Not Served,0,0,0
10TH,Native American/Alaskan Native,Reinstated By Court Action,0,0,0
10TH,Native American/Alaskan Native,Reinstated By Police Board,0,0,0
10TH,Native American/Alaskan Native,Reprimand,0,0,0
10TH,Native American/Alaskan Native,Resigned,0,0,0
10TH,Native American/Alaskan Native,Resigned -Not Served,0,0,0
10TH,Native American/Alaskan Native,Separated Other Case,0,0,0
10TH,Native American/Alaskan Native,Separation,0,0,0
10TH,Native American/Alaskan Native,Suspended,0,0,0
10TH,Native American/Alaskan Native,Sustained-No Penalty,0,0,0
10TH,Native American/Alaskan Native,Unspecified,0,0,0
10TH,Native American/Alaskan Native,Violation Noted,0,0,0
10TH,Unspecified,Administrative Termination,0,0,0
10TH,Unspecified,No Action Taken,418,418,1
10TH,Unspecified,Penalty Not Served,0,0,0
10TH,Unspecified,Reinstated By Court Action,0,0,0
10TH,Unspecified,Reinstated By Police Board,0,0,0
10TH,Unspecified,Reprimand,3,3,1
10TH,Unspecified,Resigned,0,3,0
10TH,Unspecified,Resigned -Not Served,0,0,0
10TH,Unspecified,Separated Other Case,0,0,0
10TH,Unspecified,Separation,0,0,0
10TH,Unspecified,Suspended,0,7,0
10TH,Unspecified,Sustained-No Penalty,0,0,0
10TH,Unspecified,Unspecified,0,74,0
10TH,Unspecified,Violation Noted,0,0,0
10TH,White,Administrative Termination,0,0,0
10TH,White,No Action Taken,219,219,1
10TH,White,Penalty Not Served,2,2,1
10TH,White,Reinstated By Court Action,0,0,0
10TH,White,Reinstated By Police Board,0,0,0
10TH,White,Reprimand,1,6,0.17
10TH,White,Resigned,0,5,0
10TH,White,Resigned -Not Served,0,0,0
10TH,White,Separated Other Case,0,0,0
10TH,White,Separation,0,0,0
10TH,White,Suspended,0,5,0
10TH,White,Sustained-No Penalty,0,0,0
10TH,White,Unspecified,0,26,0
10TH,White,Violation Noted,1,1,1
11TH,Asian/Pacific Islander,Administrative Termination,0,0,0
11TH,Asian/Pacific Islander,No Action Taken,11,11,1
11TH,Asian/Pacific Islander,Penalty Not Served,0,0,0
11TH,Asian/Pacific Islander,Reinstated By Court Action,0,0,0
11TH,Asian/Pacific Islander,Reinstated By Police Board,0,0,0
11TH,Asian/Pacific Islander,Reprimand,0,1,0
11TH,Asian/Pacific Islander,Resigned,0,0,0
11TH,Asian/Pacific Islander,Resigned -Not Served,0,0,0
11TH,Asian/Pacific Islander,Separated Other Case,0,0,0
11TH,Asian/Pacific Islander,Separation,0,0,0
11TH,Asian/Pacific Islander,Suspended,0,0,0
11TH,Asian/Pacific Islander,Sustained-No Penalty,0,0,0
11TH,Asian/Pacific Islander,Unspecified,0,6,0
11TH,Asian/Pacific Islander,Violation Noted,0,0,0
11TH,Black,Administrative Termination,0,0,0
11TH,Black,No Action Taken,7552,7578,1
11TH,Black,Penalty Not Served,0,0,0
11TH,Black,Reinstated By Court Action,0,0,0
11TH,Black,Reinstated By Police Board,0,0,0
11TH,Black,Reprimand,16,19,0.84
11TH,Black,Resigned,2,4,0.5
11TH,Black,Resigned -Not Served,0,0,0
11TH,Black,Separated Other Case,0,0,0
11TH,Black,Separation,0,0,0
11TH,Black,Suspended,0,67,0
11TH,Black,Sustained-No Penalty,0,0,0
11TH,Black,Unspecified,0,1545,0
11TH,Black,Violation Noted,20,23,0.87
11TH,Hispanic,Administrative Termination,0,0,0
11TH,Hispanic,No Action Taken,372,372,1
11TH,Hispanic,Penalty Not Served,0,0,0
11TH,Hispanic,Reinstated By Court Action,0,0,0
11TH,Hispanic,Reinstated By Police Board,0,0,0
11TH,Hispanic,Reprimand,7,8,0.88
11TH,Hispanic,Resigned,0,2,0
11TH,Hispanic,Resigned -Not Served,0,0,0
11TH,Hispanic,Separated Other Case,0,0,0
11TH,Hispanic,Separation,0,0,0
11TH,Hispanic,Suspended,0,11,0
11TH,Hispanic,Sustained-No Penalty,0,0,0
11TH,Hispanic,Unspecified,0,80,0
11TH,Hispanic,Violation Noted,0,2,0
11TH,Native American/Alaskan Native,Administrative Termination,0,0,0
11TH,Native American/Alaskan Native,No Action Taken,1,1,1
11TH,Native American/Alaskan Native,Penalty Not Served,0,0,0
11TH,Native American/Alaskan Native,Reinstated By Court Action,0,0,0
11TH,Native American/Alaskan Native,Reinstated By Police Board,0,0,0
11TH,Native American/Alaskan Native,Reprimand,0,0,0
11TH,Native American/Alaskan Native,Resigned,0,0,0
11TH,Native American/Alaskan Native,Resigned -Not Served,0,0,0
11TH,Native American/Alaskan Native,Separated Other Case,0,0,0
11TH,Native American/Alaskan Native,Separation,0,0,0
11TH,Native American/Alaskan Native,Suspended,0,0,0
11TH,Native American/Alaskan Native,Sustained-No Penalty,0,0,0
11TH,Native American/Alaskan Native,Unspecified,0,0,0
11TH,Native American/Alaskan Native,Violation Noted,0,0,0
11TH,Unspecified,Administrative Termination,0,0,0
11TH,Unspecified,No Action Taken,603,610,0.99
11TH,Unspecified,Penalty Not Served,0,0,0
11TH,Unspecified,Reinstated By Court Action,0,0,0
11TH,Unspecified,Reinstated By Police Board,0,0,0
11TH,Unspecified,Reprimand,2,6,0.33
11TH,Unspecified,Resigned,0,2,0
11TH,Unspecified,Resigned -Not Served,0,0,0
11TH,Unspecified,Separated Other Case,0,0,0
11TH,Unspecified,Separation,0,0,0
11TH,Unspecified,Suspended,0,12,0
11TH,Unspecified,Sustained-No Penalty,0,0,0
11TH,Unspecified,Unspecified,0,140,0
11TH,Unspecified,Violation Noted,1,2,0.5
11TH,White,Administrative Termination,0,0,0
11TH,White,No Action Taken,189,191,0.99
11TH,White,Penalty Not Served,0,1,0
11TH,White,Reinstated By Court Action,0,0,0
11TH,White,Reinstated By Police Board,0,0,0
11TH,White,Reprimand,4,5,0.8
11TH,White,Resigned,0,0,0
11TH,White,Resigned -Not Served,0,0,0
11TH,White,Separated Other Case,0,0,0
11TH,White,Separation,0,0,0
11TH,White,Suspended,0,15,0
11TH,White,Sustained-No Penalty,0,0,0
11TH,White,Unspecified,0,82,0
11TH,White,Violation Noted,2,2,1
12TH,Asian/Pacific Islander,Administrative Termination,0,0,0
12TH,Asian/Pacific Islander,No Action Taken,25,25,1
12TH,Asian/Pacific Islander,Penalty Not Served,0,0,0
12TH,Asian/Pacific Islander,Reinstated By Court Action,0,0,0
12TH,Asian/Pacific Islander,Reinstated By Police Board,0,0,0
12TH,Asian/Pacific Islander,Reprimand,0,0,0
12TH,Asian/Pacific Islander,Resigned,0,0,0
12TH,Asian/Pacific Islander,Resigned -Not Served,0,0,0
12TH,Asian/Pacific Islander,Separated Other Case,0,0,0
12TH,Asian/Pacific Islander,Separation,0,0,0
12TH,Asian/Pacific Islander,Suspended,0,4,0
12TH,Asian/Pacific Islander,Sustained-No Penalty,0,0,0
12TH,Asian/Pacific Islander,Unspecified,0,10,0
12TH,Asian/Pacific Islander,Violation Noted,0,0,0
12TH,Black,Administrative Termination,0,0,0
12TH,Black,No Action Taken,1132,1134,1
12TH,Black,Penalty Not Served,0,3,0
12TH,Black,Reinstated By Court Action,0,0,0
12TH,Black,Reinstated By Police Board,0,0,0
12TH,Black,Reprimand,6,7,0.86
12TH,Black,Resigned,0,5,0
12TH,Black,Resigned -Not Served,0,0,0
12TH,Black,Separated Other Case,0,0,0
12TH,Black,Separation,0,0,0
12TH,Black,Suspended,0,33,0
12TH,Black,Sustained-No Penalty,0,0,0
12TH,Black,Unspecified,0,323,0
12TH,Black,Violation Noted,2,4,0.5
12TH,Hispanic,Administrative Termination,0,3,0
12TH,Hispanic,No Action Taken,568,572,0.99
12TH,Hispanic,Penalty Not Served,0,5,0
12TH,Hispanic,Reinstated By Court Action,0,0,0
12TH,Hispanic,Reinstated By Police Board,0,0,0
12TH,Hispanic,Reprimand,5,5,1
12TH,Hispanic,Resigned,0,2,0
12TH,Hispanic,Resigned -Not Served,0,0,0
12TH,Hispanic,Separated Other Case,0,0,0
12TH,Hispanic,Separation,2,2,1
12TH,Hispanic,Suspended,0,30,0
12TH,Hispanic,Sustained-No Penalty,0,0,0
12TH,Hispanic,Unspecified,0,116,0
12TH,Hispanic,Violation Noted,2,3,0.67
12TH,Native American/Alaskan Native,Administrative Termination,0,0,0
12TH,Native American/Alaskan Native,No Action Taken,2,2,1
12TH,Native American/Alaskan Native,Penalty Not Served,0,0,0
12TH,Native American/Alaskan Native,Reinstated By Court Action,0,0,0
12TH,Native American/Alaskan Native,Reinstated By Police Board,0,0,0
12TH,Native American/Alaskan Native,Reprimand,0,0,0
12TH,Native American/Alaskan Native,Resigned,0,0,0
12TH,Native American/Alaskan Native,Resigned -Not Served,0,0,0
12TH,Native American/Alaskan Native,Separated Other Case,0,0,0
12TH,Native American/Alaskan Native,Separation,0,0,0
12TH,Native American/Alaskan Native,Suspended,0,0,0
12TH,Native American/Alaskan Native,Sustained-No Penalty,0,0,0
12TH,Native American/Alaskan Native,Unspecified,0,0,0
12TH,Native American/Alaskan Native,Violation Noted,0,0,0
12TH,Unspecified,Administrative Termination,0,0,0
12TH,Unspecified,No Action Taken,180,180,1
12TH,Unspecified,Penalty Not Served,0,0,0
12TH,Unspecified,Reinstated By Court Action,0,0,0
12TH,Unspecified,Reinstated By Police Board,0,0,0
12TH,Unspecified,Reprimand,3,3,1
12TH,Unspecified,Resigned,0,0,0
12TH,Unspecified,Resigned -Not Served,0,0,0
12TH,Unspecified,Separated Other Case,0,0,0
12TH,Unspecified,Separation,0,0,0
12TH,Unspecified,Suspended,0,17,0
12TH,Unspecified,Sustained-No Penalty,0,0,0
12TH,Unspecified,Unspecified,0,65,0
12TH,Unspecified,Violation Noted,0,0,0
12TH,White,Administrative Termination,0,1,0
12TH,White,No Action Taken,303,307,0.99
12TH,White,Penalty Not Served,7,9,0.78
12TH,White,Reinstated By Court Action,0,0,0
12TH,White,Reinstated By Police Board,0,0,0
12TH,White,Reprimand,9,9,1
12TH,White,Resigned,0,2,0
12TH,White,Resigned -Not Served,0,0,0
12TH,White,Separated Other Case,0,0,0
12TH,White,Separation,2,2,1
12TH,White,Suspended,0,65,0
12TH,White,Sustained-No Penalty,0,0,0
12TH,White,Unspecified,0,64,0
12TH,White,Violation Noted,2,2,1
14TH,Asian/Pacific Islander,Administrative Termination,0,0,0
14TH,Asian/Pacific Islander,No Action Taken,33,33,1
14TH,Asian/Pacific Islander,Penalty Not Served,0,0,0
14TH,Asian/Pacific Islander,Reinstated By Court Action,0,0,0
14TH,Asian/Pacific Islander,Reinstated By Police Board,0,0,0
14TH,Asian/Pacific Islander,Reprimand,12,12,1
14TH,Asian/Pacific Islander,Resigned,0,3,0
14TH,Asian/Pacific Islander,Resigned -Not Served,0,0,0
14TH,Asian/Pacific Islander,Separated Other Case,0,0,0
14TH,Asian/Pacific Islander,Separation,0,0,0
14TH,Asian/Pacific Islander,Suspended,0,0,0
14TH,Asian/Pacific Islander,Sustained-No Penalty,0,0,0
14TH,Asian/Pacific Islander,Unspecified,0,3,0
14TH,Asian/Pacific Islander,Violation Noted,0,0,0
14TH,Black,Administrative Termination,0,0,0
14TH,Black,No Action Taken,775,782,0.99
14TH,Black,Penalty Not Served,0,0,0
14TH,Black,Reinstated By Court Action,0,0,0
14TH,Black,Reinstated By Police Board,0,0,0
14TH,Black,Reprimand,2,3,0.67
14TH,Black,Resigned,0,1,0
14TH,Black,Resigned -Not Served,0,0,0
14TH,Black,Separated Other Case,0,0,0
14TH,Black,Separation,7,7,1
14TH,Black,Suspended,0,22,0
14TH,Black,Sustained-No Penalty,0,0,0
14TH,Black,Unspecified,0,79,0
14TH,Black,Violation Noted,0,0,0
14TH,Hispanic,Administrative Termination,0,0,0
14TH,Hispanic,No Action Taken,1152,1156,1
14TH,Hispanic,Penalty Not Served,0,0,0
14TH,Hispanic,Reinstated By Court Action,0,0,0
14TH,Hispanic,Reinstated By Police Board,0,0,0
14TH,Hispanic,Reprimand,4,4,1
14TH,Hispanic,Resigned,2,2,1
14TH,Hispanic,Resigned -Not Served,0,0,0
14TH,Hispanic,Separated Other Case,0,0,0
14TH,Hispanic,Separation,6,6,1
14TH,Hispanic,Suspended,0,35,0
14TH,Hispanic,Sustained-No Penalty,0,0,0
14TH,Hispanic,Unspecified,0,87,0
14TH,Hispanic,Violation Noted,4,8,0.5
14TH,Native American/Alaskan Native,Administrative Termination,0,0,0
14TH,Native American/Alaskan Native,No Action Taken,3,3,1
14TH,Native American/Alaskan Native,Penalty Not Served,0,0,0
14TH,Native American/Alaskan Native,Reinstated By Court Action,0,0,0
14TH,Native American/Alaskan Native,Reinstated By Police Board,0,0,0
14TH,Native American/Alaskan Native,Reprimand,0,0,0
14TH,Native American/Alaskan Native,Resigned,0,0,0
14TH,Native American/Alaskan Native,Resigned -Not Served,0,0,0
14TH,Native American/Alaskan Native,Separated Other Case,0,0,0
14TH,Native American/Alaskan Native,Separation,0,0,0
14TH,Native American/Alaskan Native,Suspended,0,0,0
14TH,Native American/Alaskan Native,Sustained-No Penalty,0,0,0
14TH,Native American/Alaskan Native,Unspecified,0,1,0
14TH,Native American/Alaskan Native,Violation Noted,0,0,0
14TH,Unspecified,Administrative Termination,0,0,0
14TH,Unspecified,No Action Taken,205,205,1
14TH,Unspecified,Penalty Not Served,0,0,0
14TH,Unspecified,Reinstated By Court Action,0,0,0
14TH,Unspecified,Reinstated By Police Board,0,0,0
14TH,Unspecified,Reprimand,0,0,0
14TH,Unspecified,Resigned,0,1,0
14TH,Unspecified,Resigned -Not Served,0,0,0
14TH,Unspecified,Separated Other Case,0,0,0
14TH,Unspecified,Separation,4,4,1
14TH,Unspecified,Suspended,0,8,0
14TH,Unspecified,Sustained-No Penalty,0,0,0
14TH,Unspecified,Unspecified,0,98,0
14TH,Unspecified,Violation Noted,0,0,0
14TH,White,Administrative Termination,0,0,0
14TH,White,No Action Taken,590,590,1
14TH,White,Penalty Not Served,0,3,0
14TH,White,Reinstated By Court Action,0,0,0
14TH,White,Reinstated By Police Board,0,0,0
14TH,White,Reprimand,5,5,1
14TH,White,Resigned,0,4,0
14TH,White,Resigned -Not Served,0,0,0
14TH,White,Separated Other Case,0,0,0
14TH,White,Separation,0,2,0
14TH,White,Suspended,0,29,0
14TH,White,Sustained-No Penalty,0,0,0
14TH,White,Unspecified,0,109,0
14TH,White,Violation Noted,1,1,1
15TH,Asian/Pacific Islander,Administrative Termination,0,0,0
15TH,Asian/Pacific Islander,No Action Taken,2,3,0.67
15TH,Asian/Pacific Islander,Penalty Not Served,0,0,0
15TH,Asian/Pacific Islander,Reinstated By Court Action,0,0,0
15TH,Asian/Pacific Islander,Reinstated By Police Board,0,0,0
15TH,Asian/Pacific Islander,Reprimand,0,0,0
15TH,Asian/Pacific Islander,Resigned,0,0,0
15TH,Asian/Pacific Islander,Resigned -Not Served,0,0,0
15TH,Asian/Pacific Islander,Separated Other Case,0,0,0
15TH,Asian/Pacific Islander,Separation,0,0,0
15TH,Asian/Pacific Islander,Suspended,0,0,0
15TH,Asian/Pacific Islander,Sustained-No Penalty,0,0,0
15TH,Asian/Pacific Islander,Unspecified,0,0,0
15TH,Asian/Pacific Islander,Violation Noted,0,0,0
15TH,Black,Administrative Termination,0,0,0
15TH,Black,No Action Taken,4291,4310,1
15TH,Black,Penalty Not Served,0,3,0
15TH,Black,Reinstated By Court Action,0,0,0
15TH,Black,Reinstated By Police Board,0,0,0
15TH,Black,Reprimand,19,20,0.95
15TH,Black,Resigned,0,5,0
15TH,Black,Resigned -Not Served,0,0,0
15TH,Black,Separated Other Case,0,0,0
15TH,Black,Separation,2,2,1
15TH,Black,Suspended,0,37,0
15TH,Black,Sustained-No Penalty,0,0,0
15TH,Black,Unspecified,0,662,0
15TH,Black,Violation Noted,8,17,0.47
15TH,Hispanic,Administrative Termination,0,0,0
15TH,Hispanic,No Action Taken,57,57,1
15TH,Hispanic,Penalty Not Served,0,0,0
15TH,Hispanic,Reinstated By Court Action,0,0,0
15TH,Hispanic,Reinstated By Police Board,0,0,0
15TH,Hispanic,Reprimand,0,0,0
15TH,Hispanic,Resigned,0,0,0
15TH,Hispanic,Resigned -Not Served,0,0,0
15TH,Hispanic,Separated Other Case,0,0,0
15TH,Hispanic,Separation,0,0,0
15TH,Hispanic,Suspended,0,2,0
15TH,Hispanic,Sustained-No Penalty,0,0,0
15TH,Hispanic,Unspecified,0,36,0
15TH,Hispanic,Violation Noted,0,0,0
15TH,Native American/Alaskan Native,Administrative Termination,0,0,0
15TH,Native American/Alaskan Native,No Action Taken,2,2,1
15TH,Native American/Alaskan Native,Penalty Not Served,0,0,0
15TH,Native American/Alaskan Native,Reinstated By Court Action,0,0,0
15TH,Native American/Alaskan Native,Reinstated By Police Board,0,0,0
15TH,Native American/Alaskan Native,Reprimand,0,0,0
15TH,Native American/Alaskan Native,Resigned,0,0,0
15TH,Native American/Alaskan Native,Resigned -Not Served,0,0,0
15TH,Native American/Alaskan Native,Separated Other Case,0,0,0
15TH,Native American/Alaskan Native,Separation,0,0,0
15TH,Native American/Alaskan Native,Suspended,0,0,0
15TH,Native American/Alaskan Native,Sustained-No Penalty,0,0,0
15TH,Native American/Alaskan Native,Unspecified,0,0,0
15TH,Native American/Alaskan Native,Violation Noted,0,0,0
15TH,Unspecified,Administrative Termination,0,0,0
15TH,Unspecified,No Action Taken,326,331,0.98
15TH,Unspecified,Penalty Not Served,0,0,0
15TH,Unspecified,Reinstated By Court Action,0,0,0
15TH,Unspecified,Reinstated By Police Board,0,0,0
15TH,Unspecified,Reprimand,0,2,0
15TH,Unspecified,Resigned,0,2,0
15TH,Unspecified,Resigned -Not Served,0,0,0
15TH,Unspecified,Separated Other Case,0,0,0
15TH,Unspecified,Separation,0,0,0
15TH,Unspecified,Suspended,0,15,0
15TH,Unspecified,Sustained-No Penalty,0,0,0
15TH,Unspecified,Unspecified,0,30,0
15TH,Unspecified,Violation Noted,0,0,0
15TH,White,Administrative Termination,0,0,0
15TH,White,No Action Taken,131,131,1
15TH,White,Penalty Not Served,0,4,0
15TH,White,Reinstated By Court Action,0,0,0
15TH,White,Reinstated By Police Board,0,0,0
15TH,White,Reprimand,0,3,0
15TH,White,Resigned,0,0,0
15TH,White,Resigned -Not Served,0,0,0
15TH,White,Separated Other Case,0,0,0
15TH,White,Separation,0,0,0
15TH,White,Suspended,0,19,0
15TH,White,Sustained-No Penalty,0,0,0
15TH,White,Unspecified,0,23,0
15TH,White,Violation Noted,0,1,0
16TH,Asian/Pacific Islander,Administrative Termination,0,0,0
16TH,Asian/Pacific Islander,No Action Taken,41,42,0.98
16TH,Asian/Pacific Islander,Penalty Not Served,0,0,0
16TH,Asian/Pacific Islander,Reinstated By Court Action,0,0,0
16TH,Asian/Pacific Islander,Reinstated By Police Board,0,0,0
16TH,Asian/Pacific Islander,Reprimand,0,0,0
16TH,Asian/Pacific Islander,Resigned,0,0,0
16TH,Asian/Pacific Islander,Resigned -Not Served,0,0,0
16TH,Asian/Pacific Islander,Separated Other Case,0,0,0
16TH,Asian/Pacific Islander,Separation,0,0,0
16TH,Asian/Pacific Islander,Suspended,0,5,0
16TH,Asian/Pacific Islander,Sustained-No Penalty,0,0,0
16TH,Asian/Pacific Islander,Unspecified,0,12,0
16TH,Asian/Pacific Islander,Violation Noted,0,0,0
16TH,Black,Administrative Termination,0,0,0
16TH,Black,No Action Taken,283,283,1
16TH,Black,Penalty Not Served,0,0,0
16TH,Black,Reinstated By Court Action,0,0,0
16TH,Black,Reinstated By Police Board,0,0,0
16TH,Black,Reprimand,1,1,1
16TH,Black,Resigned,0,0,0
16TH,Black,Resigned -Not Served,0,0,0
16TH,Black,Separated Other Case,0,0,0
16TH,Black,Separation,0,2,0
16TH,Black,Suspended,0,3,0
16TH,Black,Sustained-No Penalty,0,0,0
16TH,Black,Unspecified,0,54,0
16TH,Black,Violation Noted,0,1,0
16TH,Hispanic,Administrative Termination,0,0,0
16TH,Hispanic,No Action Taken,582,582,1
16TH,Hispanic,Penalty Not Served,0,3,0
16TH,Hispanic,Reinstated By Court Action,0,0,0
16TH,Hispanic,Reinstated By Police Board,0,0,0
16TH,Hispanic,Reprimand,8,13,0.62
16TH,Hispanic,Resigned,0,0,0
16TH,Hispanic,Resigned -Not Served,0,0,0
16TH,Hispanic,Separated Other Case,0,0,0
16TH,Hispanic,Separation,0,0,0
16TH,Hispanic,Suspended,0,34,0
16TH,Hispanic,Sustained-No Penalty,0,0,0
16TH,Hispanic,Unspecified,0,116,0
16TH,Hispanic,Violation Noted,3,3,1
16TH,Native American/Alaskan Native,Administrative Termination,0,0,0
16TH,Native American/Alaskan Native,No Action Taken,2,2,1
16TH,Native American/Alaskan Native,Penalty Not Served,0,0,0
16TH,Native American/Alaskan Native,Reinstated By Court Action,0,0,0
16TH,Native American/Alaskan Native,Reinstated By Police Board,0,0,0
16TH,Native American/Alaskan Native,Reprimand,0,0,0
16TH,Native American/Alaskan Native,Resigned,0,0,0
16TH,Native American/Alaskan Native,Resigned -Not Served,0,0,0
16TH,Native American/Alaskan Native,Separated Other Case,0,0,0
16TH,Native American/Alaskan Native,Separation,0,0,0
16TH,Native American/Alaskan Native,Suspended,0,0,0
16TH,Native American/Alaskan Native,Sustained-No Penalty,0,0,0
16TH,Native American/Alaskan Native,Unspecified,0,10,0
16TH,Native American/Alaskan Native,Violation Noted,0,0,0
16TH,Unspecified,Administrative Termination,0,0,0
16TH,Unspecified,No Action Taken,187,197,0.95
16TH,Unspecified,Penalty Not Served,0,2,0
16TH,Unspecified,Reinstated By Court Action,0,0,0
16TH,Unspecified,Reinstated By Police Board,0,0,0
16TH,Unspecified,Reprimand,0,0,0
16TH,Unspecified,Resigned,0,0,0
16TH,Unspecified,Resigned -Not Served,0,0,0
16TH,Unspecified,Separated Other Case,0,0,0
16TH,Unspecified,Separation,0,0,0
16TH,Unspecified,Suspended,0,10,0
16TH,Unspecified,Sustained-No Penalty,0,0,0
16TH,Unspecified,Unspecified,0,53,0
16TH,Unspecified,Violation Noted,0,0,0
16TH,White,Administrative Termination,0,0,0
16TH,White,No Action Taken,1145,1150,1
16TH,White,Penalty Not Served,0,5,0
16TH,White,Reinstated By Court Action,0,0,0
16TH,White,Reinstated By Police Board,0,0,0
16TH,White,Reprimand,21,28,0.75
16TH,White,Resigned,0,8,0
16TH,White,Resigned -Not Served,0,0,0
16TH,White,Separated Other Case,0,0,0
16TH,White,Separation,0,0,0
16TH,White,Suspended,0,86,0
16TH,White,Sustained-No Penalty,0,0,0
16TH,White,Unspecified,0,278,0
16TH,White,Violation Noted,4,6,0.67
17TH,Asian/Pacific Islander,Administrative Termination,0,0,0
17TH,Asian/Pacific Islander,No Action Taken,37,37,1
17TH,Asian/Pacific Islander,Penalty Not Served,0,0,0
17TH,Asian/Pacific Islander,Reinstated By Court Action,0,0,0
17TH,Asian/Pacific Islander,Reinstated By Police Board,0,0,0
17TH,Asian/Pacific Islander,Reprimand,0,1,0
17TH,Asian/Pacific Islander,Resigned,0,0,0
17TH,Asian/Pacific Islander,Resigned -Not Served,0,0,0
17TH,Asian/Pacific Islander,Separated Other Case,0,0,0
17TH,Asian/Pacific Islander,Separation,0,0,0
17TH,Asian/Pacific Islander,Suspended,0,8,0
17TH,Asian/Pacific Islander,Sustained-No Penalty,0,0,0
17TH,Asian/Pacific Islander,Unspecified,0,5,0
17TH,Asian/Pacific Islander,Violation Noted,0,0,0
17TH,Black,Administrative Termination,0,0,0
17TH,Black,No Action Taken,362,365,0.99
17TH,Black,Penalty Not Served,0,0,0
17TH,Black,Reinstated By Court Action,0,0,0
17TH,Black,Reinstated By Police Board,0,0,0
17TH,Black,Reprimand,1,4,0.25
17TH,Black,Resigned,0,0,0
17TH,Black,Resigned -Not Served,0,0,0
17TH,Black,Separated Other Case,0,0,0
17TH,Black,Separation,0,0,0
17TH,Black,Suspended,0,11,0
17TH,Black,Sustained-No Penalty,0,0,0
17TH,Black,Unspecified,0,40,0
17TH,Black,Violation Noted,0,0,0
17TH,Hispanic,Administrative Termination,0,0,0
17TH,Hispanic,No Action Taken,464,464,1
17TH,Hispanic,Penalty Not Served,0,0,0
17TH,Hispanic,Reinstated By Court Action,0,0,0
17TH,Hispanic,Reinstated By Police Board,0,0,0
17TH,Hispanic,Reprimand,2,2,1
17TH,Hispanic,Resigned,0,0,0
17TH,Hispanic,Resigned -Not Served,0,0,0
17TH,Hispanic,Separated Other Case,0,0,0
17TH,Hispanic,Separation,0,0,0
17TH,Hispanic,Suspended,0,19,0
17TH,Hispanic,Sustained-No Penalty,0,0,0
17TH,Hispanic,Unspecified,0,101,0
17TH,Hispanic,Violation Noted,4,4,1
17TH,Native American/Alaskan Native,Administrative Termination,0,0,0
17TH,Native American/Alaskan Native,No Action Taken,0,0,0
17TH,Native American/Alaskan Native,Penalty Not Served,0,0,0
17TH,Native American/Alaskan Native,Reinstated By Court Action,0,0,0
17TH,Native American/Alaskan Native,Reinstated By Police Board,0,0,0
17TH,Native American/Alaskan Native,Reprimand,0,0,0
17TH,Native American/Alaskan Native,Resigned,0,0,0
17TH,Native American/Alaskan Native,Resigned -Not Served,0,0,0
17TH,Native American/Alaskan Native,Separated Other Case,0,0,0
17TH,Native American/Alaskan Native,Separation,0,0,0
17TH,Native American/Alaskan Native,Suspended,0,0,0
17TH,Native American/Alaskan Native,Sustained-No Penalty,0,0,0
17TH,Native American/Alaskan Native,Unspecified,0,0,0
17TH,Native American/Alaskan Native,Violation Noted,0,0,0
17TH,Unspecified,Administrative Termination,0,0,0
17TH,Unspecified,No Action Taken,131,139,0.94
17TH,Unspecified,Penalty Not Served,0,2,0
17TH,Unspecified,Reinstated By Court Action,0,0,0
17TH,Unspecified,Reinstated By Police Board,0,0,0
17TH,Unspecified,Reprimand,0,0,0
17TH,Unspecified,Resigned,0,0,0
17TH,Unspecified,Resigned -Not Served,0,0,0
17TH,Unspecified,Separated Other Case,0,0,0
17TH,Unspecified,Separation,0,0,0
17TH,Unspecified,Suspended,0,9,0
17TH,Unspecified,Sustained-No Penalty,0,0,0
17TH,Unspecified,Unspecified,0,13,0
17TH,Unspecified,Violation Noted,4,4,1
17TH,White,Administrative Termination,0,0,0
17TH,White,No Action Taken,567,576,0.98
17TH,White,Penalty Not Served,0,4,0
17TH,White,Reinstated By Court Action,0,0,0
17TH,White,Reinstated By Police Board,0,0,0
17TH,White,Reprimand,2,6,0.33
17TH,White,Resigned,0,4,0
17TH,White,Resigned -Not Served,0,0,0
17TH,White,Separated Other Case,0,0,0
17TH,White,Separation,0,0,0
17TH,White,Suspended,0,21,0
17TH,White,Sustained-No Penalty,0,0,0
17TH,White,Unspecified,0,126,0
17TH,White,Violation Noted,0,1,0
18TH,Asian/Pacific Islander,Administrative Termination,0,0,0
18TH,Asian/Pacific Islander,No Action Taken,26,26,1
18TH,Asian/Pacific Islander,Penalty Not Served,0,0,0
18TH,Asian/Pacific Islander,Reinstated By Court Action,0,0,0
18TH,Asian/Pacific Islander,Reinstated By Police Board,0,0,0
18TH,Asian/Pacific Islander,Reprimand,0,0,0
18TH,Asian/Pacific Islander,Resigned,0,0,0
18TH,Asian/Pacific Islander,Resigned -Not Served,0,0,0
18TH,Asian/Pacific Islander,Separated Other Case,0,0,0
18TH,Asian/Pacific Islander,Separation,0,0,0
18TH,Asian/Pacific Islander,Suspended,0,1,0
18TH,Asian/Pacific Islander,Sustained-No Penalty,0,0,0
18TH,Asian/Pacific Islander,Unspecified,0,3,0
18TH,Asian/Pacific Islander,Violation Noted,0,0,0
18TH,Black,Administrative Termination,0,0,0
18TH,Black,No Action Taken,1553,1563,0.99
18TH,Black,Penalty Not Served,0,3,0
18TH,Black,Reinstated By Court Action,0,0,0
18TH,Black,Reinstated By Police Board,0,0,0
18TH,Black,Reprimand,0,4,0
18TH,Black,Resigned,0,4,0
18TH,Black,Resigned -Not Served,0,0,0
18TH,Black,Separated Other Case,0,0,0
18TH,Black,Separation,0,0,0
18TH,Black,Suspended,0,21,0
18TH,Black,Sustained-No Penalty,0,0,0
18TH,Black,Unspecified,0,365,0
18TH,Black,Violation Noted,14,22,0.64
18TH,Hispanic,Administrative Termination,0,0,0
18TH,Hispanic,No Action Taken,189,191,0.99
18TH,Hispanic,Penalty Not Served,0,0,0
18TH,Hispanic,Reinstated By Court Action,0,0,0
18TH,Hispanic,Reinstated By Police Board,0,0,0
18TH,Hispanic,Reprimand,0,0,0
18TH,Hispanic,Resigned,0,2,0
18TH,Hispanic,Resigned -Not Served,0,0,0
18TH,Hispanic,Separated Other Case,0,0,0
18TH,Hispanic,Separation,0,0,0
18TH,Hispanic,Suspended,0,18,0
18TH,Hispanic,Sustained-No Penalty,0,0,0
18TH,Hispanic,Unspecified,0,34,0
18TH,Hispanic,Violation Noted,0,0,0
18TH,Native American/Alaskan Native,Administrative Termination,0,0,0
18TH,Native American/Alaskan Native,No Action Taken,12,12,1
18TH,Native American/Alaskan Native,Penalty Not Served,0,0,0
18TH,Native American/Alaskan Native,Reinstated By Court Action,0,0,0
18TH,Native American/Alaskan Native,Reinstated By Police Board,0,0,0
18TH,Native American/Alaskan Native,Reprimand,0,0,0
18TH,Native American/Alaskan Native,Resigned,0,0,0
18TH,Native American/Alaskan Native,Resigned -Not Served,0,0,0
18TH,Native American/Alaskan Native,Separated Other Case,0,0,0
18TH,Native American/Alaskan Native,Separation,0,0,0
18TH,Native American/Alaskan Native,Suspended,0,0,0
18TH,Native American/Alaskan Native,Sustained-No Penalty,0,0,0
18TH,Native American/Alaskan Native,Unspecified,0,0,0
18TH,Native American/Alaskan Native,Violation Noted,0,0,0
18TH,Unspecified,Administrative Termination,0,0,0
18TH,Unspecified,No Action Taken,383,388,0.99
18TH,Unspecified,Penalty Not Served,0,3,0
18TH,Unspecified,Reinstated By Court Action,0,0,0
18TH,Unspecified,Reinstated By Police Board,0,0,0
18TH,Unspecified,Reprimand,0,2,0
18TH,Unspecified,Resigned,0,3,0
18TH,Unspecified,Resigned -Not Served,0,0,0
18TH,Unspecified,Separated Other Case,0,0,0
18TH,Unspecified,Separation,0,0,0
18TH,Unspecified,Suspended,0,13,0
18TH,Unspecified,Sustained-No Penalty,0,0,0
18TH,Unspecified,Unspecified,0,41,0
18TH,Unspecified,Violation Noted,0,2,0
18TH,White,Administrative Termination,0,0,0
18TH,White,No Action Taken,657,667,0.99
18TH,White,Penalty Not Served,0,4,0
18TH,White,Reinstated By Court Action,0,0,0
18TH,White,Reinstated By Police Board,0,0,0
18TH,White,Reprimand,1,1,1
18TH,White,Resigned,0,2,0
18TH,White,Resigned -Not Served,0,0,0
18TH,White,Separated Other Case,0,0,0
18TH,White,Separation,0,0,0
18TH,White,Suspended,0,54,0
18TH,White,Sustained-No Penalty,0,0,0
18TH,White,Unspecified,0,174,0
18TH,White,Violation Noted,4,9,0.44
19TH,Asian/Pacific Islander,Administrative Termination,0,0,0
19TH,Asian/Pacific Islander,No Action Taken,29,29,1
19TH,Asian/Pacific Islander,Penalty Not Served,0,0,0
19TH,Asian/Pacific Islander,Reinstated By Court Action,0,0,0
19TH,Asian/Pacific Islander,Reinstated By Police Board,0,0,0
19TH,Asian/Pacific Islander,Reprimand,0,0,0
19TH,Asian/Pacific Islander,Resigned,0,0,0
19TH,Asian/Pacific Islander,Resigned -Not Served,0,0,0
19TH,Asian/Pacific Islander,Separated Other Case,0,0,0
19TH,Asian/Pacific Islander,Separation,0,0,0
19TH,Asian/Pacific Islander,Suspended,0,0,0
19TH,Asian/Pacific Islander,Sustained-No Penalty,0,0,0
19TH,Asian/Pacific Islander,Unspecified,0,7,0
19TH,Asian/Pacific Islander,Violation Noted,0,0,0
19TH,Black,Administrative Termination,0,0,0
19TH,Black,No Action Taken,798,808,0.99
19TH,Black,Penalty Not Served,0,0,0
19TH,Black,Reinstated By Court Action,0,0,0
19TH,Black,Reinstated By Police Board,0,0,0
19TH,Black,Reprimand,0,0,0
19TH,Black,Resigned,0,0,0
19TH,Black,Resigned -Not Served,0,0,0
19TH,Black,Separated Other Case,0,0,0
19TH,Black,Separation,6,6,1
19TH,Black,Suspended,0,11,0
19TH,Black,Sustained-No Penalty,0,0,0
19TH,Black,Unspecified,0,166,0
19TH,Black,Violation Noted,2,2,1
19TH,Hispanic,Administrative Termination,0,0,0
19TH,Hispanic,No Action Taken,265,265,1
19TH,Hispanic,Penalty Not Served,0,0,0
19TH,Hispanic,Reinstated By Court Action,0,0,0
19TH,Hispanic,Reinstated By Police Board,0,0,0
19TH,Hispanic,Reprimand,3,3,1
19TH,Hispanic,Resigned,0,1,0
19TH,Hispanic,Resigned -Not Served,0,0,0
19TH,Hispanic,Separated Other Case,0,0,0
19TH,Hispanic,Separation,2,2,1
19TH,Hispanic,Suspended,0,8,0
19TH,Hispanic,Sustained-No Penalty,0,0,0
19TH,Hispanic,Unspecified,0,65,0
19TH,Hispanic,Violation Noted,1,1,1
19TH,Native American/Alaskan Native,Administrative Termination,0,0,0
19TH,Native American/Alaskan Native,No Action Taken,7,7,1
19TH,Native American/Alaskan Native,Penalty Not Served,0,0,0
19TH,Native American/Alaskan Native,Reinstated By Court Action,0,0,0
19TH,Native American/Alaskan Native,Reinstated By Police Board,0,0,0
19TH,Native American/Alaskan Native,Reprimand,0,0,0
19TH,Native American/Alaskan Native,Resigned,0,0,0
19TH,Native American/Alaskan Native,Resigned -Not Served,0,0,0
19TH,Native American/Alaskan Native,Separated Other Case,0,0,0
19TH,Native American/Alaskan Native,Separation,0,0,0
19TH,Native American/Alaskan Native,Suspended,0,0,0
19TH,Native American/Alaskan Native,Sustained-No Penalty,0,0,0
19TH,Native American/Alaskan Native,Unspecified,0,0,0
19TH,Native American/Alaskan Native,Violation Noted,0,0,0
19TH,Unspecified,Administrative Termination,0,0,0
19TH,Unspecified,No Action Taken,118,121,0.98
19TH,Unspecified,Penalty Not Served,0,1,0
19TH,Unspecified,Reinstated By Court Action,0,0,0
19TH,Unspecified,Reinstated By Police Board,0,0,0
19TH,Unspecified,Reprimand,1,1,1
19TH,Unspecified,Resigned,0,8,0
19TH,Unspecified,Resigned -Not Served,0,0,0
19TH,Unspecified,Separated Other Case,0,0,0
19TH,Unspecified,Separation,2,2,1
19TH,Unspecified,Suspended,0,1,0
19TH,Unspecified,Sustained-No Penalty,0,0,0
19TH,Unspecified,Unspecified,0,38,0
19TH,Unspecified,Violation Noted,0,0,0
19TH,White,Administrative Termination,0,0,0
19TH,White,No Action Taken,572,580,0.99
19TH,White,Penalty Not Served,0,3,0
19TH,White,Reinstated By Court Action,0,0,0
19TH,White,Reinstated By Police Board,0,0,0
19TH,White,Reprimand,8,8,1
19TH,White,Resigned,0,9,0
19TH,White,Resigned -Not Served,0,0,0
19TH,White,Separated Other Case,0,0,0
19TH,White,Separation,4,4,1
19TH,White,Suspended,0,30,0
19TH,White,Sustained-No Penalty,0,0,0
19TH,White,Unspecified,0,189,0
19TH,White,Violation Noted,7,10,0.7
1ST,Asian/Pacific Islander,Administrative Termination,0,0,0
1ST,Asian/Pacific Islander,No Action Taken,18,18,1
1ST,Asian/Pacific Islander,Penalty Not Served,0,0,0
1ST,Asian/Pacific Islander,Reinstated By Court Action,0,0,0
1ST,Asian/Pacific Islander,Reinstated By Police Board,0,0,0
1ST,Asian/Pacific Islander,Reprimand,0,1,0
1ST,Asian/Pacific Islander,Resigned,0,1,0
1ST,Asian/Pacific Islander,Resigned -Not Served,0,0,0
1ST,Asian/Pacific Islander,Separated Other Case,0,0,0
1ST,Asian/Pacific Islander,Separation,0,0,0
1ST,Asian/Pacific Islander,Suspended,0,1,0
1ST,Asian/Pacific Islander,Sustained-No Penalty,0,0,0
1ST,Asian/Pacific Islander,Unspecified,0,22,0
1ST,Asian/Pacific Islander,Violation Noted,0,0,0
1ST,Black,Administrative Termination,0,0,0
1ST,Black,No Action Taken,993,1001,0.99
1ST,Black,Penalty Not Served,0,0,0
1ST,Black,Reinstated By Court Action,0,0,0
1ST,Black,Reinstated By Police Board,0,0,0
1ST,Black,Reprimand,5,9,0.56
1ST,Black,Resigned,0,0,0
1ST,Black,Resigned -Not Served,0,0,0
1ST,Black,Separated Other Case,0,0,0
1ST,Black,Separation,0,0,0
1ST,Black,Suspended,0,35,0
1ST,Black,Sustained-No Penalty,0,0,0
1ST,Black,Unspecified,0,387,0
1ST,Black,Violation Noted,2,7,0.29
1ST,Hispanic,Administrative Termination,0,0,0
1ST,Hispanic,No Action Taken,87,88,0.99
1ST,Hispanic,Penalty Not Served,0,1,0
1ST,Hispanic,Reinstated By Court Action,0,0,0
1ST,Hispanic,Reinstated By Police Board,0,2,0
1ST,Hispanic,Reprimand,0,0,0
1ST,Hispanic,Resigned,0,4,0
1ST,Hispanic,Resigned -Not Served,0,0,0
1ST,Hispanic,Separated Other Case,0,0,0
1ST,Hispanic,Separation,0,0,0
1ST,Hispanic,Suspended,0,12,0
1ST,Hispanic,Sustained-No Penalty,0,0,0
1ST,Hispanic,Unspecified,0,51,0
1ST,Hispanic,Violation Noted,0,0,0
1ST,Native American/Alaskan Native,Administrative Termination,0,0,0
1ST,Native American/Alaskan Native,No Action Taken,6,6,1
1ST,Native American/Alaskan Native,Penalty Not Served,0,0,0
1ST,Native American/Alaskan Native,Reinstated By Court Action,0,0,0
1ST,Native American/Alaskan Native,Reinstated By Police Board,0,0,0
1ST,Native American/Alaskan Native,Reprimand,0,0,0
1ST,Native American/Alaskan Native,Resigned,0,0,0
1ST,Native American/Alaskan Native,Resigned -Not Served,0,0,0
1ST,Native American/Alaskan Native,Separated Other Case,0,0,0
1ST,Native American/Alaskan Native,Separation,0,0,0
1ST,Native American/Alaskan Native,Suspended,0,1,0
1ST,Native American/Alaskan Native,Sustained-No Penalty,0,0,0
1ST,Native American/Alaskan Native,Unspecified,0,2,0
1ST,Native American/Alaskan Native,Violation Noted,0,0,0
1ST,Unspecified,Administrative Termination,0,0,0
1ST,Unspecified,No Action Taken,159,160,0.99
1ST,Unspecified,Penalty Not Served,0,0,0
1ST,Unspecified,Reinstated By Court Action,0,0,0
1ST,Unspecified,Reinstated By Police Board,0,0,0
1ST,Unspecified,Reprimand,0,1,0
1ST,Unspecified,Resigned,0,0,0
1ST,Unspecified,Resigned -Not Served,0,0,0
1ST,Unspecified,Separated Other Case,0,0,0
1ST,Unspecified,Separation,0,0,0
1ST,Unspecified,Suspended,0,13,0
1ST,Unspecified,Sustained-No Penalty,0,0,0
1ST,Unspecified,Unspecified,0,62,0
1ST,Unspecified,Violation Noted,4,6,0.67
1ST,White,Administrative Termination,0,0,0
1ST,White,No Action Taken,414,421,0.98
1ST,White,Penalty Not Served,0,5,0
1ST,White,Reinstated By Court Action,0,0,0
1ST,White,Reinstated By Police Board,0,0,0
1ST,White,Reprimand,3,6,0.5
1ST,White,Resigned,0,4,0
1ST,White,Resigned -Not Served,0,0,0
1ST,White,Separated Other Case,0,0,0
1ST,White,Separation,0,0,0
1ST,White,Suspended,0,48,0
1ST,White,Sustained-No Penalty,0,0,0
1ST,White,Unspecified,0,201,0
1ST,White,Violation Noted,0,0,0
20TH,Asian/Pacific Islander,Administrative Termination,0,0,0
20TH,Asian/Pacific Islander,No Action Taken,68,70,0.97
20TH,Asian/Pacific Islander,Penalty Not Served,0,0,0
20TH,Asian/Pacific Islander,Reinstated By Court Action,0,0,0
20TH,Asian/Pacific Islander,Reinstated By Police Board,0,0,0
20TH,Asian/Pacific Islander,Reprimand,0,0,0
20TH,Asian/Pacific Islander,Resigned,0,0,0
20TH,Asian/Pacific Islander,Resigned -Not Served,0,0,0
20TH,Asian/Pacific Islander,Separated Other Case,0,0,0
20TH,Asian/Pacific Islander,Separation,0,0,0
20TH,Asian/Pacific Islander,Suspended,0,0,0
20TH,Asian/Pacific Islander,Sustained-No Penalty,0,0,0
20TH,Asian/Pacific Islander,Unspecified,0,20,0
20TH,Asian/Pacific Islander,Violation Noted,2,2,1
20TH,Black,Administrative Termination,0,0,0
20TH,Black,No Action Taken,514,514,1
20TH,Black,Penalty Not Served,0,0,0
20TH,Black,Reinstated By Court Action,0,0,0
20TH,Black,Reinstated By Police Board,0,0,0
20TH,Black,Reprimand,7,9,0.78
20TH,Black,Resigned,0,0,0
20TH,Black,Resigned -Not Served,0,0,0
20TH,Black,Separated Other Case,0,0,0
20TH,Black,Separation,0,0,0
20TH,Black,Suspended,0,2,0
20TH,Black,Sustained-No Penalty,0,0,0
20TH,Black,Unspecified,0,85,0
20TH,Black,Violation Noted,0,0,0
20TH,Hispanic,Administrative Termination,0,0,0
20TH,Hispanic,No Action Taken,136,136,1
20TH,Hispanic,Penalty Not Served,0,0,0
20TH,Hispanic,Reinstated By Court Action,0,0,0
20TH,Hispanic,Reinstated By Police Board,0,0,0
20TH,Hispanic,Reprimand,1,5,0.2
20TH,Hispanic,Resigned,0,4,0
20TH,Hispanic,Resigned -Not Served,0,0,0
20TH,Hispanic,Separated Other Case,0,0,0
20TH,Hispanic,Separation,0,0,0
20TH,Hispanic,Suspended,0,4,0
20TH,Hispanic,Sustained-No Penalty,0,0,0
20TH,Hispanic,Unspecified,0,34,0
20TH,Hispanic,Violation Noted,0,0,0
20TH,Native American/Alaskan Native,Administrative Termination,0,0,0
20TH,Native American/Alaskan Native,No Action Taken,3,3,1
20TH,Native American/Alaskan Native,Penalty Not Served,0,0,0
20TH,Native American/Alaskan Native,Reinstated By Court Action,0,0,0
20TH,Native American/Alaskan Native,Reinstated By Police Board,0,0,0
20TH,Native American/Alaskan Native,Reprimand,3,3,1
20TH,Native American/Alaskan Native,Resigned,0,0,0
20TH,Native American/Alaskan Native,Resigned -Not Served,0,0,0
20TH,Native American/Alaskan Native,Separated Other Case,0,0,0
20TH,Native American/Alaskan Native,Separation,0,0,0
20TH,Native American/Alaskan Native,Suspended,0,0,0
20TH,Native American/Alaskan Native,Sustained-No Penalty,0,0,0
20TH,Native American/Alaskan Native,Unspecified,0,0,0
20TH,Native American/Alaskan Native,Violation Noted,0,0,0
20TH,Unspecified,Administrative Termination,0,0,0
20TH,Unspecified,No Action Taken,68,68,1
20TH,Unspecified,Penalty Not Served,0,0,0
20TH,Unspecified,Reinstated By Court Action,0,0,0
20TH,Unspecified,Reinstated By Police Board,0,0,0
20TH,Unspecified,Reprimand,0,0,0
20TH,Unspecified,Resigned,0,0,0
20TH,Unspecified,Resigned -Not Served,0,0,0
20TH,Unspecified,Separated Other Case,0,0,0
20TH,Unspecified,Separation,0,0,0
20TH,Unspecified,Suspended,0,2,0
20TH,Unspecified,Sustained-No Penalty,0,0,0
20TH,Unspecified,Unspecified,0,65,0
20TH,Unspecified,Violation Noted,0,0,0
20TH,White,Administrative Termination,0,0,0
20TH,White,No Action Taken,217,218,1
20TH,White,Penalty Not Served,0,0,0
20TH,White,Reinstated By Court Action,0,0,0
20TH,White,Reinstated By Police Board,0,0,0
20TH,White,Reprimand,4,8,0.5
20TH,White,Resigned,0,4,0
20TH,White,Resigned -Not Served,0,0,0
20TH,White,Separated Other Case,0,0,0
20TH,White,Separation,0,0,0
20TH,White,Suspended,0,18,0
20TH,White,Sustained-No Penalty,0,0,0
20TH,White,Unspecified,0,96,0
20TH,White,Violation Noted,1,1,1
22ND,Asian/Pacific Islander,Administrative Termination,0,0,0
22ND,Asian/Pacific Islander,No Action Taken,7,7,1
22ND,Asian/Pacific Islander,Penalty Not Served,0,0,0
22ND,Asian/Pacific Islander,Reinstated By Court Action,0,0,0
22ND,Asian/Pacific Islander,Reinstated By Police Board,0,0,0
22ND,Asian/Pacific Islander,Reprimand,0,0,0
22ND,Asian/Pacific Islander,Resigned,0,0,0
22ND,Asian/Pacific Islander,Resigned -Not Served,0,0,0
22ND,Asian/Pacific Islander,Separated Other Case,0,0,0
22ND,Asian/Pacific Islander,Separation,0,0,0
22ND,Asian/Pacific Islander,Suspended,0,0,0
22ND,Asian/Pacific Islander,Sustained-No Penalty,0,0,0
22ND,Asian/Pacific Islander,Unspecified,0,2,0
22ND,Asian/Pacific Islander,Violation Noted,0,0,0
22ND,Black,Administrative Termination,0,0,0
22ND,Black,No Action Taken,3069,3094,0.99
22ND,Black,Penalty Not Served,6,10,0.6
22ND,Black,Reinstated By Court Action,0,0,0
22ND,Black,Reinstated By Police Board,0,0,0
22ND,Black,Reprimand,21,24,0.88
22ND,Black,Resigned,0,24,0
22ND,Black,Resigned -Not Served,0,0,0
22ND,Black,Separated Other Case,0,0,0
22ND,Black,Separation,4,4,1
22ND,Black,Suspended,0,64,0
22ND,Black,Sustained-No Penalty,0,0,0
22ND,Black,Unspecified,0,703,0
22ND,Black,Violation Noted,14,37,0.38
22ND,Hispanic,Administrative Termination,0,0,0
22ND,Hispanic,No Action Taken,77,77,1
22ND,Hispanic,Penalty Not Served,0,0,0
22ND,Hispanic,Reinstated By Court Action,0,0,0
22ND,Hispanic,Reinstated By Police Board,0,0,0
22ND,Hispanic,Reprimand,2,4,0.5
22ND,Hispanic,Resigned,0,0,0
22ND,Hispanic,Resigned -Not Served,0,0,0
22ND,Hispanic,Separated Other Case,0,0,0
22ND,Hispanic,Separation,0,0,0
22ND,Hispanic,Suspended,0,6,0
22ND,Hispanic,Sustained-No Penalty,0,0,0
22ND,Hispanic,Unspecified,0,35,0
22ND,Hispanic,Violation Noted,0,0,0
22ND,Native American/Alaskan Native,Administrative Termination,0,0,0
22ND,Native American/Alaskan Native,No Action Taken,3,3,1
22ND,Native American/Alaskan Native,Penalty Not Served,0,0,0
22ND,Native American/Alaskan Native,Reinstated By Court Action,0,0,0
22ND,Native American/Alaskan Native,Reinstated By Police Board,0,0,0
22ND,Native American/Alaskan Native,Reprimand,0,0,0
22ND,Native American/Alaskan Native,Resigned,0,0,0
22ND,Native American/Alaskan Native,Resigned -Not Served,0,0,0
22ND,Native American/Alaskan Native,Separated Other Case,0,0,0
22ND,Native American/Alaskan Native,Separation,0,0,0
22ND,Native American/Alaskan Native,Suspended,0,0,0
22ND,Native American/Alaskan Native,Sustained-No Penalty,0,0,0
22ND,Native American/Alaskan Native,Unspecified,0,0,0
22ND,Native American/Alaskan Native,Violation Noted,0,0,0
22ND,Unspecified,Administrative Termination,0,0,0
22ND,Unspecified,No Action Taken,172,172,1
22ND,Unspecified,Penalty Not Served,0,0,0
22ND,Unspecified,Reinstated By Court Action,0,0,0
22ND,Unspecified,Reinstated By Police Board,0,0,0
22ND,Unspecified,Reprimand,0,0,0
22ND,Unspecified,Resigned,0,0,0
22ND,Unspecified,Resigned -Not Served,0,0,0
22ND,Unspecified,Separated Other Case,0,0,0
22ND,Unspecified,Separation,0,0,0
22ND,Unspecified,Suspended,0,4,0
22ND,Unspecified,Sustained-No Penalty,0,0,0
22ND,Unspecified,Unspecified,0,53,0
22ND,Unspecified,Violation Noted,0,0,0
22ND,White,Administrative Termination,0,0,0
22ND,White,No Action Taken,509,530,0.96
22ND,White,Penalty Not Served,0,0,0
22ND,White,Reinstated By Court Action,0,0,0
22ND,White,Reinstated By Police Board,0,0,0
22ND,White,Reprimand,16,18,0.89
22ND,White,Resigned,0,7,0
22ND,White,Resigned -Not Served,0,0,0
22ND,White,Separated Other Case,0,0,0
22ND,White,Separation,0,0,0
22ND,White,Suspended,0,31,0
22ND,White,Sustained-No Penalty,0,0,0
22ND,White,Unspecified,0,114,0
22ND,White,Violation Noted,4,8,0.5
24TH,Asian/Pacific Islander,Administrative Termination,0,0,0
24TH,Asian/Pacific Islander,No Action Taken,48,48,1
24TH,Asian/Pacific Islander,Penalty Not Served,0,0,0
24TH,Asian/Pacific Islander,Reinstated By Court Action,0,0,0
24TH,Asian/Pacific Islander,Reinstated By Police Board,0,0,0
24TH,Asian/Pacific Islander,Reprimand,1,1,1
24TH,Asian/Pacific Islander,Resigned,0,0,0
24TH,Asian/Pacific Islander,Resigned -Not Served,0,0,0
24TH,Asian/Pacific Islander,Separated Other Case,0,0,0
24TH,Asian/Pacific Islander,Separation,0,0,0
24TH,Asian/Pacific Islander,Suspended,0,2,0
24TH,Asian/Pacific Islander,Sustained-No Penalty,0,0,0
24TH,Asian/Pacific Islander,Unspecified,0,7,0
24TH,Asian/Pacific Islander,Violation Noted,0,0,0
24TH,Black,Administrative Termination,0,0,0
24TH,Black,No Action Taken,1196,1200,1
24TH,Black,Penalty Not Served,0,0,0
24TH,Black,Reinstated By Court Action,0,0,0
24TH,Black,Reinstated By Police Board,0,0,0
24TH,Black,Reprimand,2,6,0.33
24TH,Black,Resigned,0,0,0
24TH,Black,Resigned -Not Served,0,0,0
24TH,Black,Separated Other Case,0,0,0
24TH,Black,Separation,0,0,0
24TH,Black,Suspended,0,18,0
24TH,Black,Sustained-No Penalty,0,0,0
24TH,Black,Unspecified,0,208,0
24TH,Black,Violation Noted,0,0,0
24TH,Hispanic,Administrative Termination,0,0,0
24TH,Hispanic,No Action Taken,159,165,0.96
24TH,Hispanic,Penalty Not Served,0,2,0
24TH,Hispanic,Reinstated By Court Action,0,0,0
24TH,Hispanic,Reinstated By Police Board,0,0,0
24TH,Hispanic,Reprimand,0,0,0
24TH,Hispanic,Resigned,0,4,0
24TH,Hispanic,Resigned -Not Served,0,0,0
24TH,Hispanic,Separated Other Case,0,0,0
24TH,Hispanic,Separation,0,0,0
24TH,Hispanic,Suspended,0,2,0
24TH,Hispanic,Sustained-No Penalty,0,0,0
24TH,Hispanic,Unspecified,0,21,0
24TH,Hispanic,Violation Noted,0,0,0
24TH,Native American/Alaskan Native,Administrative Termination,0,0,0
24TH,Native American/Alaskan Native,No Action Taken,7,7,1
24TH,Native American/Alaskan Native,Penalty Not Served,0,0,0
24TH,Native American/Alaskan Native,Reinstated By Court Action,0,0,0
24TH,Native American/Alaskan Native,Reinstated By Police Board,0,0,0
24TH,Native American/Alaskan Native,Reprimand,0,0,0
24TH,Native American/Alaskan Native,Resigned,0,0,0
24TH,Native American/Alaskan Native,Resigned -Not Served,0,0,0
24TH,Native American/Alaskan Native,Separated Other Case,0,0,0
24TH,Native American/Alaskan Native,Separation,0,0,0
24TH,Native American/Alaskan Native,Suspended,0,0,0
24TH,Native American/Alaskan Native,Sustained-No Penalty,0,0,0
24TH,Native American/Alaskan Native,Unspecified,0,0,0
24TH,Native American/Alaskan Native,Violation Noted,0,0,0
24TH,Unspecified,Administrative Termination,0,0,0
24TH,Unspecified,No Action Taken,171,171,1
24TH,Unspecified,Penalty Not Served,0,0,0
24TH,Unspecified,Reinstated By Court Action,0,0,0
24TH,Unspecified,Reinstated By Police Board,0,0,0
24TH,Unspecified,Reprimand,0,0,0
24TH,Unspecified,Resigned,0,0,0
24TH,Unspecified,Resigned -Not Served,0,0,0
24TH,Unspecified,Separated Other Case,0,0,0
24TH,Unspecified,Separation,0,0,0
24TH,Unspecified,Suspended,0,3,0
24TH,Unspecified,Sustained-No Penalty,0,0,0
24TH,Unspecified,Unspecified,0,40,0
24TH,Unspecified,Violation Noted,0,0,0
24TH,White,Administrative Termination,0,0,0
24TH,White,No Action Taken,501,507,0.99
24TH,White,Penalty Not Served,0,0,0
24TH,White,Reinstated By Court Action,0,0,0
24TH,White,Reinstated By Police Board,0,0,0
24TH,White,Reprimand,1,1,1
24TH,White,Resigned,0,4,0
24TH,White,Resigned -Not Served,0,0,0
24TH,White,Separated Other Case,0,0,0
24TH,White,Separation,0,0,0
24TH,White,Suspended,0,14,0
24TH,White,Sustained-No Penalty,0,0,0
24TH,White,Unspecified,0,75,0
24TH,White,Violation Noted,0,2,0
25TH,Asian/Pacific Islander,Administrative Termination,0,0,0
25TH,Asian/Pacific Islander,No Action Taken,14,14,1
25TH,Asian/Pacific Islander,Penalty Not Served,0,0,0
25TH,Asian/Pacific Islander,Reinstated By Court Action,0,0,0
25TH,Asian/Pacific Islander,Reinstated By Police Board,0,0,0
25TH,Asian/Pacific Islander,Reprimand,0,4,0
25TH,Asian/Pacific Islander,Resigned,0,0,0
25TH,Asian/Pacific Islander,Resigned -Not Served,0,0,0
25TH,Asian/Pacific Islander,Separated Other Case,0,0,0
25TH,Asian/Pacific Islander,Separation,0,0,0
25TH,Asian/Pacific Islander,Suspended,0,0,0
25TH,Asian/Pacific Islander,Sustained-No Penalty,0,0,0
25TH,Asian/Pacific Islander,Unspecified,0,2,0
25TH,Asian/Pacific Islander,Violation Noted,0,0,0
25TH,Black,Administrative Termination,0,0,0
25TH,Black,No Action Taken,2286,2292,1
25TH,Black,Penalty Not Served,0,6,0
25TH,Black,Reinstated By Court Action,0,0,0
25TH,Black,Reinstated By Police Board,0,4,0
25TH,Black,Reprimand,5,5,1
25TH,Black,Resigned,0,4,0
25TH,Black,Resigned -Not Served,0,0,0
25TH,Black,Separated Other Case,0,0,0
25TH,Black,Separation,0,0,0
25TH,Black,Suspended,0,33,0
25TH,Black,Sustained-No Penalty,0,0,0
25TH,Black,Unspecified,0,410,0
25TH,Black,Violation Noted,4,9,0.44
25TH,Hispanic,Administrative Termination,0,0,0
25TH,Hispanic,No Action Taken,1927,1937,0.99
25TH,Hispanic,Penalty Not Served,0,16,0
25TH,Hispanic,Reinstated By Court Action,0,0,0
25TH,Hispanic,Reinstated By Police Board,0,0,0
25TH,Hispanic,Reprimand,16,17,0.94
25TH,Hispanic,Resigned,0,1,0
25TH,Hispanic,Resigned -Not Served,0,0,0
25TH,Hispanic,Separated Other Case,0,0,0
25TH,Hispanic,Separation,0,0,0
25TH,Hispanic,Suspended,0,18,0
25TH,Hispanic,Sustained-No Penalty,0,0,0
25TH,Hispanic,Unspecified,0,303,0
25TH,Hispanic,Violation Noted,6,6,1
25TH,Native American/Alaskan Native,Administrative Termination,0,0,0
25TH,Native American/Alaskan Native,No Action Taken,7,7,1
25TH,Native American/Alaskan Native,Penalty Not Served,0,0,0
25TH,Native American/Alaskan Native,Reinstated By Court Action,0,0,0
25TH,Native American/Alaskan Native,Reinstated By Police Board,0,0,0
25TH,Native American/Alaskan Native,Reprimand,0,0,0
25TH,Native American/Alaskan Native,Resigned,0,0,0
25TH,Native American/Alaskan Native,Resigned -Not Served,0,0,0
25TH,Native American/Alaskan Native,Separated Other Case,0,0,0
25TH,Native American/Alaskan Native,Separation,0,0,0
25TH,Native American/Alaskan Native,Suspended,0,2,0
25TH,Native American/Alaskan Native,Sustained-No Penalty,0,0,0
25TH,Native American/Alaskan Native,Unspecified,0,0,0
25TH,Native American/Alaskan Native,Violation Noted,0,0,0
25TH,Unspecified,Administrative Termination,0,0,0
25TH,Unspecified,No Action Taken,330,330,1
25TH,Unspecified,Penalty Not Served,0,1,0
25TH,Unspecified,Reinstated By Court Action,0,0,0
25TH,Unspecified,Reinstated By Police Board,0,0,0
25TH,Unspecified,Reprimand,0,0,0
25TH,Unspecified,Resigned,0,0,0
25TH,Unspecified,Resigned -Not Served,0,0,0
25TH,Unspecified,Separated Other Case,0,0,0
25TH,Unspecified,Separation,0,0,0
25TH,Unspecified,Suspended,0,9,0
25TH,Unspecified,Sustained-No Penalty,0,0,0
25TH,Unspecified,Unspecified,0,60,0
25TH,Unspecified,Violation Noted,0,2,0
25TH,White,Administrative Termination,0,0,0
25TH,White,No Action Taken,633,641,0.99
25TH,White,Penalty Not Served,0,0,0
25TH,White,Reinstated By Court Action,0,0,0
25TH,White,Reinstated By Police Board,0,0,0
25TH,White,Reprimand,4,9,0.44
25TH,White,Resigned,0,0,0
25TH,White,Resigned -Not Served,0,0,0
25TH,White,Separated Other Case,0,0,0
25TH,White,Separation,8,8,1
25TH,White,Suspended,0,34,0
25TH,White,Sustained-No Penalty,0,0,0
25TH,White,Unspecified,0,121,0
25TH,White,Violation Noted,6,6,1
2ND,Asian/Pacific Islander,Administrative Termination,0,0,0
2ND,Asian/Pacific Islander,No Action Taken,10,10,1
2ND,Asian/Pacific Islander,Penalty Not Served,0,2,0
2ND,Asian/Pacific Islander,Reinstated By Court Action,0,0,0
2ND,Asian/Pacific Islander,Reinstated By Police Board,0,0,0
2ND,Asian/Pacific Islander,Reprimand,0,0,0
2ND,Asian/Pacific Islander,Resigned,0,0,0
2ND,Asian/Pacific Islander,Resigned -Not Served,0,0,0
2ND,Asian/Pacific Islander,Separated Other Case,0,0,0
2ND,Asian/Pacific Islander,Separation,0,0,0
2ND,Asian/Pacific Islander,Suspended,0,0,0
2ND,Asian/Pacific Islander,Sustained-No Penalty,0,0,0
2ND,Asian/Pacific Islander,Unspecified,0,9,0
2ND,Asian/Pacific Islander,Violation Noted,0,0,0
2ND,Black,Administrative Termination,0,0,0
2ND,Black,No Action Taken,3464,3515,0.99
2ND,Black,Penalty Not Served,0,2,0
2ND,Black,Reinstated By Court Action,0,20,0
2ND,Black,Reinstated By Police Board,0,0,0
2ND,Black,Reprimand,22,26,0.85
2ND,Black,Resigned,0,7,0
2ND,Black,Resigned -Not Served,0,0,0
2ND,Black,Separated Other Case,0,0,0
2ND,Black,Separation,0,0,0
2ND,Black,Suspended,0,145,0
2ND,Black,Sustained-No Penalty,0,0,0
2ND,Black,Unspecified,0,635,0
2ND,Black,Violation Noted,6,14,0.43
2ND,Hispanic,Administrative Termination,0,0,0
2ND,Hispanic,No Action Taken,33,33,1
2ND,Hispanic,Penalty Not Served,0,0,0
2ND,Hispanic,Reinstated By Court Action,0,0,0
2ND,Hispanic,Reinstated By Police Board,0,0,0
2ND,Hispanic,Reprimand,0,0,0
2ND,Hispanic,Resigned,0,3,0
2ND,Hispanic,Resigned -Not Served,0,0,0
2ND,Hispanic,Separated Other Case,0,0,0
2ND,Hispanic,Separation,0,0,0
2ND,Hispanic,Suspended,0,1,0
2ND,Hispanic,Sustained-No Penalty,0,0,0
2ND,Hispanic,Unspecified,0,36,0
2ND,Hispanic,Violation Noted,0,0,0
2ND,Native American/Alaskan Native,Administrative Termination,0,0,0
2ND,Native American/Alaskan Native,No Action Taken,4,4,1
2ND,Native American/Alaskan Native,Penalty Not Served,0,0,0
2ND,Native American/Alaskan Native,Reinstated By Court Action,0,0,0
2ND,Native American/Alaskan Native,Reinstated By Police Board,0,0,0
2ND,Native American/Alaskan Native,Reprimand,0,0,0
2ND,Native American/Alaskan Native,Resigned,0,0,0
2ND,Native American/Alaskan Native,Resigned -Not Served,0,0,0
2ND,Native American/Alaskan Native,Separated Other Case,0,0,0
2ND,Native American/Alaskan Native,Separation,0,0,0
2ND,Native American/Alaskan Native,Suspended,0,0,0
2ND,Native American/Alaskan Native,Sustained-No Penalty,0,0,0
2ND,Native American/Alaskan Native,Unspecified,0,1,0
2ND,Native American/Alaskan Native,Violation Noted,0,0,0
2ND,Unspecified,Administrative Termination,0,0,0
2ND,Unspecified,No Action Taken,216,218,0.99
2ND,Unspecified,Penalty Not Served,0,0,0
2ND,Unspecified,Reinstated By Court Action,0,4,0
2ND,Unspecified,Reinstated By Police Board,0,0,0
2ND,Unspecified,Reprimand,0,1,0
2ND,Unspecified,Resigned,0,0,0
2ND,Unspecified,Resigned -Not Served,0,0,0
2ND,Unspecified,Separated Other Case,0,0,0
2ND,Unspecified,Separation,0,0,0
2ND,Unspecified,Suspended,0,11,0
2ND,Unspecified,Sustained-No Penalty,0,0,0
2ND,Unspecified,Unspecified,0,84,0
2ND,Unspecified,Violation Noted,0,0,0
2ND,White,Administrative Termination,0,0,0
2ND,White,No Action Taken,167,170,0.98
2ND,White,Penalty Not Served,0,0,0
2ND,White,Reinstated By Court Action,0,0,0
2ND,White,Reinstated By Police Board,0,0,0
2ND,White,Reprimand,8,13,0.62
2ND,White,Resigned,0,0,0
2ND,White,Resigned -Not Served,0,0,0
2ND,White,Separated Other Case,0,0,0
2ND,White,Separation,0,0,0
2ND,White,Suspended,0,31,0
2ND,White,Sustained-No Penalty,0,0,0
2ND,White,Unspecified,0,75,0
2ND,White,Violation Noted,3,9,0.33
31ST,Asian/Pacific Islander,Administrative Termination,0,0,0
31ST,Asian/Pacific Islander,No Action Taken,23,23,1
31ST,Asian/Pacific Islander,Penalty Not Served,0,0,0
31ST,Asian/Pacific Islander,Reinstated By Court Action,0,0,0
31ST,Asian/Pacific Islander,Reinstated By Police Board,0,0,0
31ST,Asian/Pacific Islander,Reprimand,0,0,0
31ST,Asian/Pacific Islander,Resigned,0,1,0
31ST,Asian/Pacific Islander,Resigned -Not Served,0,0,0
31ST,Asian/Pacific Islander,Separated Other Case,0,0,0
31ST,Asian/Pacific Islander,Separation,0,0,0
31ST,Asian/Pacific Islander,Suspended,0,0,0
31ST,Asian/Pacific Islander,Sustained-No Penalty,0,0,0
31ST,Asian/Pacific Islander,Unspecified,0,0,0
31ST,Asian/Pacific Islander,Violation Noted,0,0,0
31ST,Black,Administrative Termination,0,0,0
31ST,Black,No Action Taken,522,522,1
31ST,Black,Penalty Not Served,0,0,0
31ST,Black,Reinstated By Court Action,0,0,0
31ST,Black,Reinstated By Police Board,0,0,0
31ST,Black,Reprimand,0,0,0
31ST,Black,Resigned,0,1,0
31ST,Black,Resigned -Not Served,0,0,0
31ST,Black,Separated Other Case,0,0,0
31ST,Black,Separation,1,1,1
31ST,Black,Suspended,0,10,0
31ST,Black,Sustained-No Penalty,0,0,0
31ST,Black,Unspecified,0,131,0
31ST,Black,Violation Noted,4,6,0.67
31ST,Hispanic,Administrative Termination,0,1,0
31ST,Hispanic,No Action Taken,91,93,0.98
31ST,Hispanic,Penalty Not Served,0,4,0
31ST,Hispanic,Reinstated By Court Action,0,0,0
31ST,Hispanic,Reinstated By Police Board,0,0,0
31ST,Hispanic,Reprimand,2,2,1
31ST,Hispanic,Resigned,0,0,0
31ST,Hispanic,Resigned -Not Served,0,0,0
31ST,Hispanic,Separated Other Case,0,0,0
31ST,Hispanic,Separation,0,0,0
31ST,Hispanic,Suspended,0,8,0
31ST,Hispanic,Sustained-No Penalty,0,0,0
31ST,Hispanic,Unspecified,0,48,0
31ST,Hispanic,Violation Noted,0,0,0
31ST,Native American/Alaskan Native,Administrative Termination,0,0,0
31ST,Native American/Alaskan Native,No Action Taken,6,6,1
31ST,Native American/Alaskan Native,Penalty Not Served,0,0,0
31ST,Native American/Alaskan Native,Reinstated By Court Action,0,0,0
31ST,Native American/Alaskan Native,Reinstated By Police Board,0,0,0
31ST,Native American/Alaskan Native,Reprimand,0,0,0
31ST,Native American/Alaskan Native,Resigned,0,0,0
31ST,Native American/Alaskan Native,Resigned -Not Served,0,0,0
31ST,Native American/Alaskan Native,Separated Other Case,0,0,0
31ST,Native American/Alaskan Native,Separation,0,0,0
31ST,Native American/Alaskan Native,Suspended,0,0,0
31ST,Native American/Alaskan Native,Sustained-No Penalty,0,0,0
31ST,Native American/Alaskan Native,Unspecified,0,0,0
31ST,Native American/Alaskan Native,Violation Noted,0,0,0
31ST,Unspecified,Administrative Termination,0,2,0
31ST,Unspecified,No Action Taken,139,139,1
31ST,Unspecified,Penalty Not Served,0,0,0
31ST,Unspecified,Reinstated By Court Action,0,0,0
31ST,Unspecified,Reinstated By Police Board,0,0,0
31ST,Unspecified,Reprimand,0,2,0
31ST,Unspecified,Resigned,0,4,0
31ST,Unspecified,Resigned -Not Served,0,0,0
31ST,Unspecified,Separated Other Case,0,0,0
31ST,Unspecified,Separation,0,0,0
31ST,Unspecified,Suspended,0,15,0
31ST,Unspecified,Sustained-No Penalty,0,0,0
31ST,Unspecified,Unspecified,0,17,0
31ST,Unspecified,Violation Noted,2,4,0.5
31ST,White,Administrative Termination,0,1,0
31ST,White,No Action Taken,306,308,0.99
31ST,White,Penalty Not Served,0,4,0
31ST,White,Reinstated By Court Action,0,0,0
31ST,White,Reinstated By Police Board,0,0,0
31ST,White,Reprimand,3,8,0.38
31ST,White,Resigned,0,5,0
31ST,White,Resigned -Not Served,0,0,0
31ST,White,Separated Other Case,0,0,0
31ST,White,Separation,2,2,1
31ST,White,Suspended,0,139,0
31ST,White,Sustained-No Penalty,0,0,0
31ST,White,Unspecified,0,98,0
31ST,White,Violation Noted,0,0,0
3RD,Asian/Pacific Islander,Administrative Termination,0,0,0
3RD,Asian/Pacific Islander,No Action Taken,8,8,1
3RD,Asian/Pacific Islander,Penalty Not Served,0,0,0
3RD,Asian/Pacific Islander,Reinstated By Court Action,0,0,0
3RD,Asian/Pacific Islander,Reinstated By Police Board,0,0,0
3RD,Asian/Pacific Islander,Reprimand,0,0,0
3RD,Asian/Pacific Islander,Resigned,0,0,0
3RD,Asian/Pacific Islander,Resigned -Not Served,0,0,0
3RD,Asian/Pacific Islander,Separated Other Case,0,0,0
3RD,Asian/Pacific Islander,Separation,0,0,0
3RD,Asian/Pacific Islander,Suspended,0,1,0
3RD,Asian/Pacific Islander,Sustained-No Penalty,0,0,0
3RD,Asian/Pacific Islander,Unspecified,0,13,0
3RD,Asian/Pacific Islander,Violation Noted,0,0,0
3RD,Black,Administrative Termination,0,0,0
3RD,Black,No Action Taken,4631,4649,1
3RD,Black,Penalty Not Served,2,2,1
3RD,Black,Reinstated By Court Action,0,0,0
3RD,Black,Reinstated By Police Board,0,0,0
3RD,Black,Reprimand,8,22,0.36
3RD,Black,Resigned,0,3,0
3RD,Black,Resigned -Not Served,0,0,0
3RD,Black,Separated Other Case,0,0,0
3RD,Black,Separation,1,1,1
3RD,Black,Suspended,0,45,0
3RD,Black,Sustained-No Penalty,0,0,0
3RD,Black,Unspecified,0,820,0
3RD,Black,Violation Noted,19,27,0.7
3RD,Hispanic,Administrative Termination,0,0,0
3RD,Hispanic,No Action Taken,23,23,1
3RD,Hispanic,Penalty Not Served,0,0,0
3RD,Hispanic,Reinstated By Court Action,0,0,0
3RD,Hispanic,Reinstated By Police Board,0,0,0
3RD,Hispanic,Reprimand,2,2,1
3RD,Hispanic,Resigned,0,0,0
3RD,Hispanic,Resigned -Not Served,0,0,0
3RD,Hispanic,Separated Other Case,0,0,0
3RD,Hispanic,Separation,0,0,0
3RD,Hispanic,Suspended,0,0,0
3RD,Hispanic,Sustained-No Penalty,0,0,0
3RD,Hispanic,Unspecified,0,16,0
3RD,Hispanic,Violation Noted,0,0,0
3RD,Native American/Alaskan Native,Administrative Termination,0,0,0
3RD,Native American/Alaskan Native,No Action Taken,0,6,0
3RD,Native American/Alaskan Native,Penalty Not Served,0,0,0
3RD,Native American/Alaskan Native,Reinstated By Court Action,0,0,0
3RD,Native American/Alaskan Native,Reinstated By Police Board,0,0,0
3RD,Native American/Alaskan Native,Reprimand,0,0,0
3RD,Native American/Alaskan Native,Resigned,0,0,0
3RD,Native American/Alaskan Native,Resigned -Not Served,0,0,0
3RD,Native American/Alaskan Native,Separated Other Case,0,0,0
3RD,Native American/Alaskan Native,Separation,0,0,0
3RD,Native American/Alaskan Native,Suspended,0,0,0
3RD,Native American/Alaskan Native,Sustained-No Penalty,0,0,0
3RD,Native American/Alaskan Native,Unspecified,0,0,0
3RD,Native American/Alaskan Native,Violation Noted,0,0,0
3RD,Unspecified,Administrative Termination,0,0,0
3RD,Unspecified,No Action Taken,228,228,1
3RD,Unspecified,Penalty Not Served,0,0,0
3RD,Unspecified,Reinstated By Court Action,0,0,0
3RD,Unspecified,Reinstated By Police Board,0,0,0
3RD,Unspecified,Reprimand,8,10,0.8
3RD,Unspecified,Resigned,0,0,0
3RD,Unspecified,Resigned -Not Served,0,0,0
3RD,Unspecified,Separated Other Case,0,0,0
3RD,Unspecified,Separation,0,0,0
3RD,Unspecified,Suspended,0,10,0
3RD,Unspecified,Sustained-No Penalty,0,0,0
3RD,Unspecified,Unspecified,0,45,0
3RD,Unspecified,Violation Noted,2,2,1
3RD,White,Administrative Termination,0,0,0
3RD,White,No Action Taken,81,84,0.96
3RD,White,Penalty Not Served,0,0,0
3RD,White,Reinstated By Court Action,0,0,0
3RD,White,Reinstated By Police Board,0,0,0
3RD,White,Reprimand,5,7,0.71
3RD,White,Resigned,0,0,0
3RD,White,Resigned -Not Served,0,0,0
3RD,White,Separated Other Case,0,0,0
3RD,White,Separation,0,0,0
3RD,White,Suspended,0,5,0
3RD,White,Sustained-No Penalty,0,0,0
3RD,White,Unspecified,0,37,0
3RD,White,Violation Noted,0,0,0
4TH,Asian/Pacific Islander,Administrative Termination,0,0,0
4TH,Asian/Pacific Islander,No Action Taken,17,17,1
4TH,Asian/Pacific Islander,Penalty Not Served,0,0,0
4TH,Asian/Pacific Islander,Reinstated By Court Action,0,0,0
4TH,Asian/Pacific Islander,Reinstated By Police Board,0,0,0
4TH,Asian/Pacific Islander,Reprimand,0,0,0
4TH,Asian/Pacific Islander,Resigned,0,0,0
4TH,Asian/Pacific Islander,Resigned -Not Served,0,0,0
4TH,Asian/Pacific Islander,Separated Other Case,0,0,0
4TH,Asian/Pacific Islander,Separation,0,0,0
4TH,Asian/Pacific Islander,Suspended,0,0,0
4TH,Asian/Pacific Islander,Sustained-No Penalty,0,0,0
4TH,Asian/Pacific Islander,Unspecified,0,2,0
4TH,Asian/Pacific Islander,Violation Noted,0,0,0
4TH,Black,Administrative Termination,0,0,0
4TH,Black,No Action Taken,4344,4377,0.99
4TH,Black,Penalty Not Served,0,0,0
4TH,Black,Reinstated By Court Action,0,0,0
4TH,Black,Reinstated By Police Board,0,0,0
4TH,Black,Reprimand,25,33,0.76
4TH,Black,Resigned,0,17,0
4TH,Black,Resigned -Not Served,0,0,0
4TH,Black,Separated Other Case,0,0,0
4TH,Black,Separation,10,10,1
4TH,Black,Suspended,0,91,0
4TH,Black,Sustained-No Penalty,0,0,0
4TH,Black,Unspecified,0,1113,0
4TH,Black,Violation Noted,0,6,0
4TH,Hispanic,Administrative Termination,0,0,0
4TH,Hispanic,No Action Taken,776,787,0.99
4TH,Hispanic,Penalty Not Served,0,0,0
4TH,Hispanic,Reinstated By Court Action,0,0,0
4TH,Hispanic,Reinstated By Police Board,0,0,0
4TH,Hispanic,Reprimand,0,0,0
4TH,Hispanic,Resigned,0,0,0
4TH,Hispanic,Resigned -Not Served,0,0,0
4TH,Hispanic,Separated Other Case,0,0,0
4TH,Hispanic,Separation,1,1,1
4TH,Hispanic,Suspended,0,29,0
4TH,Hispanic,Sustained-No Penalty,0,0,0
4TH,Hispanic,Unspecified,0,147,0
4TH,Hispanic,Violation Noted,0,1,0
4TH,Native American/Alaskan Native,Administrative Termination,0,0,0
4TH,Native American/Alaskan Native,No Action Taken,0,0,0
4TH,Native American/Alaskan Native,Penalty Not Served,0,0,0
4TH,Native American/Alaskan Native,Reinstated By Court Action,0,0,0
4TH,Native American/Alaskan Native,Reinstated By Police Board,0,0,0
4TH,Native American/Alaskan Native,Reprimand,0,0,0
4TH,Native American/Alaskan Native,Resigned,0,0,0
4TH,Native American/Alaskan Native,Resigned -Not Served,0,0,0
4TH,Native American/Alaskan Native,Separated Other Case,0,0,0
4TH,Native American/Alaskan Native,Separation,0,0,0
4TH,Native American/Alaskan Native,Suspended,0,0,0
4TH,Native American/Alaskan Native,Sustained-No Penalty,0,0,0
4TH,Native American/Alaskan Native,Unspecified,0,0,0
4TH,Native American/Alaskan Native,Violation Noted,0,0,0
4TH,Unspecified,Administrative Termination,0,0,0
4TH,Unspecified,No Action Taken,292,292,1
4TH,Unspecified,Penalty Not Served,0,0,0
4TH,Unspecified,Reinstated By Court Action,0,0,0
4TH,Unspecified,Reinstated By Police Board,0,0,0
4TH,Unspecified,Reprimand,0,3,0
4TH,Unspecified,Resigned,0,0,0
4TH,Unspecified,Resigned -Not Served,0,0,0
4TH,Unspecified,Separated Other Case,0,0,0
4TH,Unspecified,Separation,0,0,0
4TH,Unspecified,Suspended,0,5,0
4TH,Unspecified,Sustained-No Penalty,0,0,0
4TH,Unspecified,Unspecified,0,116,0
4TH,Unspecified,Violation Noted,1,7,0.14
4TH,White,Administrative Termination,0,0,0
4TH,White,No Action Taken,179,179,1
4TH,White,Penalty Not Served,0,0,0
4TH,White,Reinstated By Court Action,0,0,0
4TH,White,Reinstated By Police Board,0,0,0
4TH,White,Reprimand,2,2,1
4TH,White,Resigned,0,0,0
4TH,White,Resigned -Not Served,0,0,0
4TH,White,Separated Other Case,0,0,0
4TH,White,Separation,6,6,1
4TH,White,Suspended,0,9,0
4TH,White,Sustained-No Penalty,0,0,0
4TH,White,Unspecified,0,40,0
4TH,White,Violation Noted,4,8,0.5
5TH,Asian/Pacific Islander,Administrative Termination,0,0,0
5TH,Asian/Pacific Islander,No Action Taken,11,11,1
5TH,Asian/Pacific Islander,Penalty Not Served,0,0,0
5TH,Asian/Pacific Islander,Reinstated By Court Action,0,0,0
5TH,Asian/Pacific Islander,Reinstated By Police Board,0,0,0
5TH,Asian/Pacific Islander,Reprimand,0,0,0
5TH,Asian/Pacific Islander,Resigned,0,0,0
5TH,Asian/Pacific Islander,Resigned -Not Served,0,0,0
5TH,Asian/Pacific Islander,Separated Other Case,0,0,0
5TH,Asian/Pacific Islander,Separation,0,0,0
5TH,Asian/Pacific Islander,Suspended,0,0,0
5TH,Asian/Pacific Islander,Sustained-No Penalty,0,0,0
5TH,Asian/Pacific Islander,Unspecified,0,0,0
5TH,Asian/Pacific Islander,Violation Noted,0,0,0
5TH,Black,Administrative Termination,0,2,0
5TH,Black,No Action Taken,5184,5205,1
5TH,Black,Penalty Not Served,0,2,0
5TH,Black,Reinstated By Court Action,0,0,0
5TH,Black,Reinstated By Police Board,0,1,0
5TH,Black,Reprimand,13,24,0.54
5TH,Black,Resigned,0,4,0
5TH,Black,Resigned -Not Served,0,0,0
5TH,Black,Separated Other Case,0,0,0
5TH,Black,Separation,2,2,1
5TH,Black,Suspended,0,103,0
5TH,Black,Sustained-No Penalty,0,0,0
5TH,Black,Unspecified,0,916,0
5TH,Black,Violation Noted,21,37,0.57
5TH,Hispanic,Administrative Termination,0,0,0
5TH,Hispanic,No Action Taken,66,66,1
5TH,Hispanic,Penalty Not Served,0,0,0
5TH,Hispanic,Reinstated By Court Action,0,0,0
5TH,Hispanic,Reinstated By Police Board,0,0,0
5TH,Hispanic,Reprimand,4,4,1
5TH,Hispanic,Resigned,0,0,0
5TH,Hispanic,Resigned -Not Served,0,0,0
5TH,Hispanic,Separated Other Case,0,0,0
5TH,Hispanic,Separation,0,0,0
5TH,Hispanic,Suspended,0,1,0
5TH,Hispanic,Sustained-No Penalty,0,0,0
5TH,Hispanic,Unspecified,0,13,0
5TH,Hispanic,Violation Noted,1,1,1
5TH,Native American/Alaskan Native,Administrative Termination,0,0,0
5TH,Native American/Alaskan Native,No Action Taken,2,2,1
5TH,Native American/Alaskan Native,Penalty Not Served,0,0,0
5TH,Native American/Alaskan Native,Reinstated By Court Action,0,0,0
5TH,Native American/Alaskan Native,Reinstated By Police Board,0,0,0
5TH,Native American/Alaskan Native,Reprimand,0,0,0
5TH,Native American/Alaskan Native,Resigned,0,0,0
5TH,Native American/Alaskan Native,Resigned -Not Served,0,0,0
5TH,Native American/Alaskan Native,Separated Other Case,0,0,0
5TH,Native American/Alaskan Native,Separation,0,0,0
5TH,Native American/Alaskan Native,Suspended,0,0,0
5TH,Native American/Alaskan Native,Sustained-No Penalty,0,0,0
5TH,Native American/Alaskan Native,Unspecified,0,0,0
5TH,Native American/Alaskan Native,Violation Noted,0,0,0
5TH,Unspecified,Administrative Termination,0,0,0
5TH,Unspecified,No Action Taken,292,292,1
5TH,Unspecified,Penalty Not Served,0,0,0
5TH,Unspecified,Reinstated By Court Action,0,0,0
5TH,Unspecified,Reinstated By Police Board,0,1,0
5TH,Unspecified,Reprimand,1,2,0.5
5TH,Unspecified,Resigned,0,0,0
5TH,Unspecified,Resigned -Not Served,0,0,0
5TH,Unspecified,Separated Other Case,0,0,0
5TH,Unspecified,Separation,0,0,0
5TH,Unspecified,Suspended,0,14,0
5TH,Unspecified,Sustained-No Penalty,0,0,0
5TH,Unspecified,Unspecified,0,65,0
5TH,Unspecified,Violation Noted,1,4,0.25
5TH,White,Administrative Termination,0,0,0
5TH,White,No Action Taken,186,189,0.98
5TH,White,Penalty Not Served,0,2,0
5TH,White,Reinstated By Court Action,0,0,0
5TH,White,Reinstated By Police Board,0,0,0
5TH,White,Reprimand,5,5,1
5TH,White,Resigned,0,2,0
5TH,White,Resigned -Not Served,0,0,0
5TH,White,Separated Other Case,0,0,0
5TH,White,Separation,0,0,0
5TH,White,Suspended,0,26,0
5TH,White,Sustained-No Penalty,0,0,0
5TH,White,Unspecified,0,58,0
5TH,White,Violation Noted,0,1,0
6TH,Asian/Pacific Islander,Administrative Termination,0,0,0
6TH,Asian/Pacific Islander,No Action Taken,7,7,1
6TH,Asian/Pacific Islander,Penalty Not Served,0,0,0
6TH,Asian/Pacific Islander,Reinstated By Court Action,0,0,0
6TH,Asian/Pacific Islander,Reinstated By Police Board,0,0,0
6TH,Asian/Pacific Islander,Reprimand,0,0,0
6TH,Asian/Pacific Islander,Resigned,0,0,0
6TH,Asian/Pacific Islander,Resigned -Not Served,0,0,0
6TH,Asian/Pacific Islander,Separated Other Case,0,0,0
6TH,Asian/Pacific Islander,Separation,0,0,0
6TH,Asian/Pacific Islander,Suspended,0,2,0
6TH,Asian/Pacific Islander,Sustained-No Penalty,0,0,0
6TH,Asian/Pacific Islander,Unspecified,0,2,0
6TH,Asian/Pacific Islander,Violation Noted,0,0,0
6TH,Black,Administrative Termination,0,0,0
6TH,Black,No Action Taken,6705,6718,1
6TH,Black,Penalty Not Served,2,5,0.4
6TH,Black,Reinstated By Court Action,0,2,0
6TH,Black,Reinstated By Police Board,0,0,0
6TH,Black,Reprimand,24,35,0.69
6TH,Black,Resigned,0,10,0
6TH,Black,Resigned -Not Served,0,0,0
6TH,Black,Separated Other Case,0,0,0
6TH,Black,Separation,3,3,1
6TH,Black,Suspended,0,123,0
6TH,Black,Sustained-No Penalty,0,0,0
6TH,Black,Unspecified,0,1345,0
6TH,Black,Violation Noted,11,13,0.85
6TH,Hispanic,Administrative Termination,0,0,0
6TH,Hispanic,No Action Taken,34,34,1
6TH,Hispanic,Penalty Not Served,0,0,0
6TH,Hispanic,Reinstated By Court Action,0,0,0
6TH,Hispanic,Reinstated By Police Board,0,3,0
6TH,Hispanic,Reprimand,0,0,0
6TH,Hispanic,Resigned,0,0,0
6TH,Hispanic,Resigned -Not Served,0,0,0
6TH,Hispanic,Separated Other Case,0,0,0
6TH,Hispanic,Separation,0,0,0
6TH,Hispanic,Suspended,0,0,0
6TH,Hispanic,Sustained-No Penalty,0,0,0
6TH,Hispanic,Unspecified,0,13,0
6TH,Hispanic,Violation Noted,0,0,0
6TH,Native American/Alaskan Native,Administrative Termination,0,0,0
6TH,Native American/Alaskan Native,No Action Taken,0,0,0
6TH,Native American/Alaskan Native,Penalty Not Served,0,0,0
6TH,Native American/Alaskan Native,Reinstated By Court Action,0,0,0
6TH,Native American/Alaskan Native,Reinstated By Police Board,0,0,0
6TH,Native American/Alaskan Native,Reprimand,0,0,0
6TH,Native American/Alaskan Native,Resigned,0,0,0
6TH,Native American/Alaskan Native,Resigned -Not Served,0,0,0
6TH,Native American/Alaskan Native,Separated Other Case,0,0,0
6TH,Native American/Alaskan Native,Separation,0,0,0
6TH,Native American/Alaskan Native,Suspended,0,0,0
6TH,Native American/Alaskan Native,Sustained-No Penalty,0,0,0
6TH,Native American/Alaskan Native,Unspecified,0,0,0
6TH,Native American/Alaskan Native,Violation Noted,0,0,0
6TH,Unspecified,Administrative Termination,0,0,0
6TH,Unspecified,No Action Taken,318,318,1
6TH,Unspecified,Penalty Not Served,0,0,0
6TH,Unspecified,Reinstated By Court Action,0,0,0
6TH,Unspecified,Reinstated By Police Board,0,0,0
6TH,Unspecified,Reprimand,0,2,0
6TH,Unspecified,Resigned,0,1,0
6TH,Unspecified,Resigned -Not Served,0,0,0
6TH,Unspecified,Separated Other Case,0,0,0
6TH,Unspecified,Separation,0,0,0
6TH,Unspecified,Suspended,0,1,0
6TH,Unspecified,Sustained-No Penalty,0,0,0
6TH,Unspecified,Unspecified,0,85,0
6TH,Unspecified,Violation Noted,0,0,0
6TH,White,Administrative Termination,0,0,0
6TH,White,No Action Taken,65,65,1
6TH,White,Penalty Not Served,0,4,0
6TH,White,Reinstated By Court Action,0,0,0
6TH,White,Reinstated By Police Board,0,0,0
6TH,White,Reprimand,0,2,0
6TH,White,Resigned,0,0,0
6TH,White,Resigned -Not Served,0,0,0
6TH,White,Separated Other Case,0,0,0
6TH,White,Separation,0,0,0
6TH,White,Suspended,0,4,0
6TH,White,Sustained-No Penalty,0,0,0
6TH,White,Unspecified,0,18,0
6TH,White,Violation Noted,1,1,1
7TH,Asian/Pacific Islander,Administrative Termination,0,0,0
7TH,Asian/Pacific Islander,No Action Taken,16,16,1
7TH,Asian/Pacific Islander,Penalty Not Served,0,0,0
7TH,Asian/Pacific Islander,Reinstated By Court Action,0,0,0
7TH,Asian/Pacific Islander,Reinstated By Police Board,0,0,0
7TH,Asian/Pacific Islander,Reprimand,0,0,0
7TH,Asian/Pacific Islander,Resigned,0,0,0
7TH,Asian/Pacific Islander,Resigned -Not Served,0,0,0
7TH,Asian/Pacific Islander,Separated Other Case,0,0,0
7TH,Asian/Pacific Islander,Separation,0,0,0
7TH,Asian/Pacific Islander,Suspended,0,1,0
7TH,Asian/Pacific Islander,Sustained-No Penalty,0,0,0
7TH,Asian/Pacific Islander,Unspecified,0,2,0
7TH,Asian/Pacific Islander,Violation Noted,0,10,0
7TH,Black,Administrative Termination,0,0,0
7TH,Black,No Action Taken,7822,7848,1
7TH,Black,Penalty Not Served,0,2,0
7TH,Black,Reinstated By Court Action,0,0,0
7TH,Black,Reinstated By Police Board,0,3,0
7TH,Black,Reprimand,32,42,0.76
7TH,Black,Resigned,0,7,0
7TH,Black,Resigned -Not Served,0,0,0
7TH,Black,Separated Other Case,0,0,0
7TH,Black,Separation,0,0,0
7TH,Black,Suspended,0,129,0
7TH,Black,Sustained-No Penalty,0,0,0
7TH,Black,Unspecified,0,1278,0
7TH,Black,Violation Noted,11,11,1
7TH,Hispanic,Administrative Termination,0,0,0
7TH,Hispanic,No Action Taken,85,85,1
7TH,Hispanic,Penalty Not Served,0,0,0
7TH,Hispanic,Reinstated By Court Action,0,0,0
7TH,Hispanic,Reinstated By Police Board,0,0,0
7TH,Hispanic,Reprimand,10,10,1
7TH,Hispanic,Resigned,0,0,0
7TH,Hispanic,Resigned -Not Served,0,0,0
7TH,Hispanic,Separated Other Case,0,0,0
7TH,Hispanic,Separation,0,0,0
7TH,Hispanic,Suspended,0,2,0
7TH,Hispanic,Sustained-No Penalty,0,0,0
7TH,Hispanic,Unspecified,0,20,0
7TH,Hispanic,Violation Noted,0,0,0
7TH,Native American/Alaskan Native,Administrative Termination,0,0,0
7TH,Native American/Alaskan Native,No Action Taken,2,2,1
7TH,Native American/Alaskan Native,Penalty Not Served,0,0,0
7TH,Native American/Alaskan Native,Reinstated By Court Action,0,0,0
7TH,Native American/Alaskan Native,Reinstated By Police Board,0,0,0
7TH,Native American/Alaskan Native,Reprimand,0,0,0
7TH,Native American/Alaskan Native,Resigned,0,0,0
7TH,Native American/Alaskan Native,Resigned -Not Served,0,0,0
7TH,Native American/Alaskan Native,Separated Other Case,0,0,0
7TH,Native American/Alaskan Native,Separation,0,0,0
7TH,Native American/Alaskan Native,Suspended,0,0,0
7TH,Native American/Alaskan Native,Sustained-No Penalty,0,0,0
7TH,Native American/Alaskan Native,Unspecified,0,0,0
7TH,Native American/Alaskan Native,Violation Noted,0,0,0
7TH,Unspecified,Administrative Termination,0,0,0
7TH,Unspecified,No Action Taken,333,333,1
7TH,Unspecified,Penalty Not Served,0,0,0
7TH,Unspecified,Reinstated By Court Action,0,0,0
7TH,Unspecified,Reinstated By Police Board,0,0,0
7TH,Unspecified,Reprimand,2,2,1
7TH,Unspecified,Resigned,0,0,0
7TH,Unspecified,Resigned -Not Served,0,0,0
7TH,Unspecified,Separated Other Case,0,0,0
7TH,Unspecified,Separation,0,0,0
7TH,Unspecified,Suspended,0,8,0
7TH,Unspecified,Sustained-No Penalty,0,0,0
7TH,Unspecified,Unspecified,0,117,0
7TH,Unspecified,Violation Noted,0,0,0
7TH,White,Administrative Termination,0,0,0
7TH,White,No Action Taken,86,96,0.9
7TH,White,Penalty Not Served,0,2,0
7TH,White,Reinstated By Court Action,0,0,0
7TH,White,Reinstated By Police Board,0,0,0
7TH,White,Reprimand,1,1,1
7TH,White,Resigned,0,4,0
7TH,White,Resigned -Not Served,0,0,0
7TH,White,Separated Other Case,0,0,0
7TH,White,Separation,0,0,0
7TH,White,Suspended,0,6,0
7TH,White,Sustained-No Penalty,0,0,0
7TH,White,Unspecified,0,21,0
7TH,White,Violation Noted,0,0,0
8TH,Asian/Pacific Islander,Administrative Termination,0,0,0
8TH,Asian/Pacific Islander,No Action Taken,45,45,1
8TH,Asian/Pacific Islander,Penalty Not Served,0,0,0
8TH,Asian/Pacific Islander,Reinstated By Court Action,0,0,0
8TH,Asian/Pacific Islander,Reinstated By Police Board,0,0,0
8TH,Asian/Pacific Islander,Reprimand,0,0,0
8TH,Asian/Pacific Islander,Resigned,0,0,0
8TH,Asian/Pacific Islander,Resigned -Not Served,0,0,0
8TH,Asian/Pacific Islander,Separated Other Case,0,0,0
8TH,Asian/Pacific Islander,Separation,0,0,0
8TH,Asian/Pacific Islander,Suspended,0,1,0
8TH,Asian/Pacific Islander,Sustained-No Penalty,0,0,0
8TH,Asian/Pacific Islander,Unspecified,0,7,0
8TH,Asian/Pacific Islander,Violation Noted,0,0,0
8TH,Black,Administrative Termination,0,0,0
8TH,Black,No Action Taken,3660,3660,1
8TH,Black,Penalty Not Served,0,0,0
8TH,Black,Reinstated By Court Action,0,0,0
8TH,Black,Reinstated By Police Board,0,0,0
8TH,Black,Reprimand,6,12,0.5
8TH,Black,Resigned,1,1,1
8TH,Black,Resigned -Not Served,0,0,0
8TH,Black,Separated Other Case,0,0,0
8TH,Black,Separation,0,0,0
8TH,Black,Suspended,0,88,0
8TH,Black,Sustained-No Penalty,0,0,0
8TH,Black,Unspecified,0,682,0
8TH,Black,Violation Noted,3,9,0.33
8TH,Hispanic,Administrative Termination,0,0,0
8TH,Hispanic,No Action Taken,1680,1682,1
8TH,Hispanic,Penalty Not Served,0,0,0
8TH,Hispanic,Reinstated By Court Action,0,0,0
8TH,Hispanic,Reinstated By Police Board,0,0,0
8TH,Hispanic,Reprimand,9,11,0.82
8TH,Hispanic,Resigned,2,3,0.67
8TH,Hispanic,Resigned -Not Served,0,0,0
8TH,Hispanic,Separated Other Case,0,0,0
8TH,Hispanic,Separation,0,0,0
8TH,Hispanic,Suspended,0,43,0
8TH,Hispanic,Sustained-No Penalty,0,0,0
8TH,Hispanic,Unspecified,0,411,0
8TH,Hispanic,Violation Noted,4,6,0.67
8TH,Native American/Alaskan Native,Administrative Termination,0,0,0
8TH,Native American/Alaskan Native,No Action Taken,2,2,1
8TH,Native American/Alaskan Native,Penalty Not Served,0,0,0
8TH,Native American/Alaskan Native,Reinstated By Court Action,0,0,0
8TH,Native American/Alaskan Native,Reinstated By Police Board,0,0,0
8TH,Native American/Alaskan Native,Reprimand,0,0,0
8TH,Native American/Alaskan Native,Resigned,0,0,0
8TH,Native American/Alaskan Native,Resigned -Not Served,0,0,0
8TH,Native American/Alaskan Native,Separated Other Case,0,0,0
8TH,Native American/Alaskan Native,Separation,0,0,0
8TH,Native American/Alaskan Native,Suspended,0,0,0
8TH,Native American/Alaskan Native,Sustained-No Penalty,0,0,0
8TH,Native American/Alaskan Native,Unspecified,0,0,0
8TH,Native American/Alaskan Native,Violation Noted,0,0,0
8TH,Unspecified,Administrative Termination,0,0,0
8TH,Unspecified,No Action Taken,417,419,1
8TH,Unspecified,Penalty Not Served,0,0,0
8TH,Unspecified,Reinstated By Court Action,0,0,0
8TH,Unspecified,Reinstated By Police Board,0,0,0
8TH,Unspecified,Reprimand,4,4,1
8TH,Unspecified,Resigned,0,1,0
8TH,Unspecified,Resigned -Not Served,0,0,0
8TH,Unspecified,Separated Other Case,0,0,0
8TH,Unspecified,Separation,0,0,0
8TH,Unspecified,Suspended,0,12,0
8TH,Unspecified,Sustained-No Penalty,0,0,0
8TH,Unspecified,Unspecified,0,244,0
8TH,Unspecified,Violation Noted,2,2,1
8TH,White,Administrative Termination,0,0,0
8TH,White,No Action Taken,972,974,1
8TH,White,Penalty Not Served,0,6,0
8TH,White,Reinstated By Court Action,0,0,0
8TH,White,Reinstated By Police Board,0,0,0
8TH,White,Reprimand,3,12,0.25
8TH,White,Resigned,1,3,0.33
8TH,White,Resigned -Not Served,0,0,0
8TH,White,Separated Other Case,0,0,0
8TH,White,Separation,2,2,1
8TH,White,Suspended,0,54,0
8TH,White,Sustained-No Penalty,0,0,0
8TH,White,Unspecified,0,277,0
8TH,White,Violation Noted,8,11,0.73
9TH,Asian/Pacific Islander,Administrative Termination,0,0,0
9TH,Asian/Pacific Islander,No Action Taken,50,50,1
9TH,Asian/Pacific Islander,Penalty Not Served,0,0,0
9TH,Asian/Pacific Islander,Reinstated By Court Action,0,0,0
9TH,Asian/Pacific Islander,Reinstated By Police Board,0,0,0
9TH,Asian/Pacific Islander,Reprimand,0,0,0
9TH,Asian/Pacific Islander,Resigned,0,0,0
9TH,Asian/Pacific Islander,Resigned -Not Served,0,0,0
9TH,Asian/Pacific Islander,Separated Other Case,0,0,0
9TH,Asian/Pacific Islander,Separation,0,0,0
9TH,Asian/Pacific Islander,Suspended,0,0,0
9TH,Asian/Pacific Islander,Sustained-No Penalty,0,0,0
9TH,Asian/Pacific Islander,Unspecified,0,10,0
9TH,Asian/Pacific Islander,Violation Noted,0,0,0
9TH,Black,Administrative Termination,0,0,0
9TH,Black,No Action Taken,2887,2920,0.99
9TH,Black,Penalty Not Served,0,0,0
9TH,Black,Reinstated By Court Action,0,0,0
9TH,Black,Reinstated By Police Board,0,0,0
9TH,Black,Reprimand,0,0,0
9TH,Black,Resigned,0,1,0
9TH,Black,Resigned -Not Served,0,0,0
9TH,Black,Separated Other Case,0,0,0
9TH,Black,Separation,0,0,0
9TH,Black,Suspended,0,66,0
9TH,Black,Sustained-No Penalty,0,0,0
9TH,Black,Unspecified,0,407,0
9TH,Black,Violation Noted,2,2,1
9TH,Hispanic,Administrative Termination,0,0,0
9TH,Hispanic,No Action Taken,1434,1464,0.98
9TH,Hispanic,Penalty Not Served,0,5,0
9TH,Hispanic,Reinstated By Court Action,0,0,0
9TH,Hispanic,Reinstated By Police Board,0,0,0
9TH,Hispanic,Reprimand,2,6,0.33
9TH,Hispanic,Resigned,0,2,0
9TH,Hispanic,Resigned -Not Served,0,0,0
9TH,Hispanic,Separated Other Case,0,0,0
9TH,Hispanic,Separation,0,0,0
9TH,Hispanic,Suspended,0,23,0
9TH,Hispanic,Sustained-No Penalty,0,0,0
9TH,Hispanic,Unspecified,0,223,0
9TH,Hispanic,Violation Noted,3,5,0.6
9TH,Native American/Alaskan Native,Administrative Termination,0,0,0
9TH,Native American/Alaskan Native,No Action Taken,7,7,1
9TH,Native American/Alaskan Native,Penalty Not Served,0,0,0
9TH,Native American/Alaskan Native,Reinstated By Court Action,0,0,0
9TH,Native American/Alaskan Native,Reinstated By Police Board,0,0,0
9TH,Native American/Alaskan Native,Reprimand,0,0,0
9TH,Native American/Alaskan Native,Resigned,0,0,0
9TH,Native American/Alaskan Native,Resigned -Not Served,0,0,0
9TH,Native American/Alaskan Native,Separated Other Case,0,0,0
9TH,Native American/Alaskan Native,Separation,0,0,0
9TH,Native American/Alaskan Native,Suspended,0,0,0
9TH,Native American/Alaskan Native,Sustained-No Penalty,0,0,0
9TH,Native American/Alaskan Native,Unspecified,0,0,0
9TH,Native American/Alaskan Native,Violation Noted,0,0,0
9TH,Unspecified,Administrative Termination,0,0,0
9TH,Unspecified,No Action Taken,220,220,1
9TH,Unspecified,Penalty Not Served,0,0,0
9TH,Unspecified,Reinstated By Court Action,0,0,0
9TH,Unspecified,Reinstated By Police Board,0,0,0
9TH,Unspecified,Reprimand,0,4,0
9TH,Unspecified,Resigned,0,0,0
9TH,Unspecified,Resigned -Not Served,0,0,0
9TH,Unspecified,Separated Other Case,0,0,0
9TH,Unspecified,Separation,0,0,0
9TH,Unspecified,Suspended,0,7,0
9TH,Unspecified,Sustained-No Penalty,0,0,0
9TH,Unspecified,Unspecified,0,81,0
9TH,Unspecified,Violation Noted,0,0,0
9TH,White,Administrative Termination,0,0,0
9TH,White,No Action Taken,807,810,1
9TH,White,Penalty Not Served,0,0,0
9TH,White,Reinstated By Court Action,0,0,0
9TH,White,Reinstated By Police Board,0,0,0
9TH,White,Reprimand,6,8,0.75
9TH,White,Resigned,0,2,0
9TH,White,Resigned -Not Served,0,0,0
9TH,White,Separated Other Case,0,0,0
9TH,White,Separation,4,4,1
9TH,White,Suspended,0,19,0
9TH,White,Sustained-No Penalty,0,0,0
9TH,White,Unspecified,0,124,0
9TH,White,Violation Noted,6,6,1
