district_name,final_outcome,partial_count,total_count,pct
11TH,No Action Taken,8728,8763,1
7TH,No Action Taken,8344,8380,1
6TH,No Action Taken,7129,7142,1
8TH,No Action Taken,6776,6782,1
5TH,No Action Taken,5741,5765,1
4TH,No Action Taken,5608,5652,0.99
9TH,No Action Taken,5405,5471,0.99
10TH,No Action Taken,5386,5394,1
25TH,No Action Taken,5197,5221,1
3RD,No Action Taken,4971,4998,0.99
15TH,No Action Taken,4809,4834,0.99
2ND,No Action Taken,3894,3950,0.99
22ND,No Action Taken,3837,3883,0.99
18TH,No Action Taken,2820,2847,0.99
14TH,No Action Taken,2758,2769,1
16TH,No Action Taken,2240,2256,0.99
12TH,No Action Taken,2210,2220,1
24TH,No Action Taken,2082,2098,0.99
19TH,No Action Taken,1789,1810,0.99
1ST,No Action Taken,1677,1694,0.99
17TH,No Action Taken,1561,1581,0.99
31ST,No Action Taken,1087,1091,1
20TH,No Action Taken,1006,1009,1
7TH,Reprimand,45,55,0.82
22ND,Reprimand,39,46,0.85
2ND,Reprimand,30,40,0.75
16TH,Reprimand,30,42,0.71
11TH,Reprimand,29,39,0.74
4TH,Reprimand,27,38,0.71
25TH,Reprimand,25,35,0.71
6TH,Reprimand,24,39,0.62
5TH,Violation Noted,23,43,0.53
14TH,Reprimand,23,24,0.96
12TH,Reprimand,23,24,0.96
5TH,Reprimand,23,35,0.66
11TH,Violation Noted,23,29,0.79
3RD,Reprimand,23,41,0.56
8TH,Reprimand,22,39,0.56
3RD,Violation Noted,21,29,0.72
15TH,Reprimand,19,25,0.76
22ND,Violation Noted,18,45,0.4
18TH,Violation Noted,18,33,0.55
8TH,Violation Noted,17,28,0.61
14TH,Separation,17,19,0.89
4TH,Separation,17,17,1
25TH,Violation Noted,16,23,0.7
20TH,Reprimand,15,25,0.6
19TH,Separation,14,14,1
10TH,Violation Noted,13,15,0.87
6TH,Violation Noted,12,14,0.86
19TH,Reprimand,12,12,1
9TH,Violation Noted,11,13,0.85
7TH,Violation Noted,11,21,0.52
19TH,Violation Noted,10,13,0.77
2ND,Violation Noted,9,23,0.39
10TH,Reprimand,9,19,0.47
9TH,Reprimand,8,18,0.44
1ST,Reprimand,8,17,0.47
17TH,Violation Noted,8,9,0.89
15TH,Violation Noted,8,18,0.44
25TH,Separation,8,8,1
12TH,Penalty Not Served,7,17,0.41
16TH,Violation Noted,7,10,0.7
1ST,Violation Noted,6,13,0.46
22ND,Penalty Not Served,6,10,0.6
12TH,Violation Noted,6,9,0.67
31ST,Violation Noted,6,10,0.6
17TH,Reprimand,5,13,0.38
14TH,Violation Noted,5,9,0.56
31ST,Reprimand,5,12,0.42
4TH,Violation Noted,5,22,0.23
8TH,Resigned,4,8,0.5
24TH,Reprimand,4,8,0.5
22ND,Separation,4,4,1
9TH,Separation,4,4,1
12TH,Separation,4,4,1
31ST,Separation,3,3,1
6TH,Separation,3,3,1
20TH,Violation Noted,3,3,1
14TH,Resigned,2,11,0.18
5TH,Separation,2,2,1
15TH,Separation,2,2,1
8TH,Separation,2,2,1
6TH,Penalty Not Served,2,9,0.22
10TH,Penalty Not Served,2,4,0.5
11TH,Resigned,2,8,0.25
3RD,Penalty Not Served,2,2,1
18TH,Reprimand,1,7,0.14
3RD,Separation,1,1,1
17TH,Sustained-No Penalty,0,0,0
17TH,Unspecified,0,285,0
18TH,Administrative Termination,0,0,0
14TH,Penalty Not Served,0,3,0
18TH,Penalty Not Served,0,10,0
18TH,Reinstated By Court Action,0,0,0
18TH,Reinstated By Police Board,0,0,0
18TH,Resigned,0,11,0
18TH,Resigned -Not Served,0,0,0
18TH,Separated Other Case,0,0,0
18TH,Separation,0,0,0
18TH,Suspended,0,107,0
18TH,Sustained-No Penalty,0,0,0
18TH,Unspecified,0,617,0
14TH,Administrative Termination,0,0,0
19TH,Administrative Termination,0,0,0
19TH,Penalty Not Served,0,4,0
19TH,Reinstated By Court Action,0,0,0
19TH,Reinstated By Police Board,0,0,0
12TH,Unspecified,0,578,0
19TH,Resigned,0,18,0
19TH,Resigned -Not Served,0,0,0
19TH,Separated Other Case,0,0,0
12TH,Sustained-No Penalty,0,0,0
19TH,Suspended,0,50,0
19TH,Sustained-No Penalty,0,0,0
19TH,Unspecified,0,465,0
1ST,Administrative Termination,0,0,0
12TH,Suspended,0,149,0
1ST,Penalty Not Served,0,6,0
1ST,Reinstated By Court Action,0,0,0
1ST,Reinstated By Police Board,0,2,0
1ST,Resigned,0,9,0
1ST,Resigned -Not Served,0,0,0
1ST,Separated Other Case,0,0,0
1ST,Separation,0,0,0
1ST,Suspended,0,110,0
1ST,Sustained-No Penalty,0,0,0
1ST,Unspecified,0,725,0
20TH,Administrative Termination,0,0,0
20TH,Penalty Not Served,0,0,0
20TH,Reinstated By Court Action,0,0,0
20TH,Reinstated By Police Board,0,0,0
12TH,Separated Other Case,0,0,0
20TH,Resigned,0,8,0
20TH,Resigned -Not Served,0,0,0
20TH,Separated Other Case,0,0,0
20TH,Separation,0,0,0
20TH,Suspended,0,26,0
20TH,Sustained-No Penalty,0,0,0
20TH,Unspecified,0,300,0
22ND,Administrative Termination,0,0,0
12TH,Resigned -Not Served,0,0,0
22ND,Reinstated By Court Action,0,0,0
22ND,Reinstated By Police Board,0,0,0
12TH,Resigned,0,9,0
22ND,Resigned,0,31,0
22ND,Resigned -Not Served,0,0,0
22ND,Separated Other Case,0,0,0
22ND,Suspended,0,105,0
22ND,Sustained-No Penalty,0,0,0
22ND,Unspecified,0,907,0
12TH,Reinstated By Police Board,0,0,0
24TH,Administrative Termination,0,0,0
12TH,Reinstated By Court Action,0,0,0
24TH,Penalty Not Served,0,2,0
24TH,Reinstated By Court Action,0,0,0
24TH,Reinstated By Police Board,0,0,0
24TH,Resigned,0,8,0
24TH,Resigned -Not Served,0,0,0
24TH,Separated Other Case,0,0,0
24TH,Separation,0,0,0
24TH,Suspended,0,39,0
24TH,Sustained-No Penalty,0,0,0
24TH,Unspecified,0,351,0
24TH,Violation Noted,0,2,0
25TH,Administrative Termination,0,0,0
25TH,Penalty Not Served,0,23,0
25TH,Reinstated By Court Action,0,0,0
25TH,Reinstated By Police Board,0,4,0
12TH,Administrative Termination,0,4,0
25TH,Resigned,0,5,0
25TH,Resigned -Not Served,0,0,0
25TH,Separated Other Case,0,0,0
25TH,Suspended,0,96,0
25TH,Sustained-No Penalty,0,0,0
25TH,Unspecified,0,896,0
11TH,Unspecified,0,1853,0
2ND,Administrative Termination,0,0,0
11TH,Sustained-No Penalty,0,0,0
2ND,Penalty Not Served,0,4,0
2ND,Reinstated By Court Action,0,24,0
2ND,Reinstated By Police Board,0,0,0
11TH,Suspended,0,105,0
2ND,Resigned,0,10,0
2ND,Resigned -Not Served,0,0,0
2ND,Separated Other Case,0,0,0
2ND,Separation,0,0,0
2ND,Suspended,0,188,0
2ND,Sustained-No Penalty,0,0,0
2ND,Unspecified,0,840,0
31ST,Administrative Termination,0,4,0
11TH,Separation,0,0,0
31ST,Penalty Not Served,0,8,0
31ST,Reinstated By Court Action,0,0,0
31ST,Reinstated By Police Board,0,0,0
31ST,Resigned,0,11,0
31ST,Resigned -Not Served,0,0,0
31ST,Separated Other Case,0,0,0
31ST,Suspended,0,172,0
31ST,Sustained-No Penalty,0,0,0
31ST,Unspecified,0,294,0
3RD,Administrative Termination,0,0,0
11TH,Separated Other Case,0,0,0
3RD,Reinstated By Court Action,0,0,0
3RD,Reinstated By Police Board,0,0,0
11TH,Resigned -Not Served,0,0,0
3RD,Resigned,0,3,0
3RD,Resigned -Not Served,0,0,0
3RD,Separated Other Case,0,0,0
3RD,Suspended,0,61,0
3RD,Sustained-No Penalty,0,0,0
3RD,Unspecified,0,931,0
4TH,Administrative Termination,0,0,0
11TH,Reinstated By Police Board,0,0,0
4TH,Penalty Not Served,0,0,0
4TH,Reinstated By Court Action,0,0,0
4TH,Reinstated By Police Board,0,0,0
11TH,Reinstated By Court Action,0,0,0
4TH,Resigned,0,17,0
4TH,Resigned -Not Served,0,0,0
4TH,Separated Other Case,0,0,0
11TH,Penalty Not Served,0,1,0
4TH,Suspended,0,134,0
4TH,Sustained-No Penalty,0,0,0
4TH,Unspecified,0,1418,0
5TH,Administrative Termination,0,2,0
11TH,Administrative Termination,0,0,0
5TH,Penalty Not Served,0,4,0
5TH,Reinstated By Court Action,0,0,0
5TH,Reinstated By Police Board,0,2,0
10TH,Unspecified,0,928,0
5TH,Resigned,0,6,0
5TH,Resigned -Not Served,0,0,0
5TH,Separated Other Case,0,0,0
5TH,Suspended,0,144,0
5TH,Sustained-No Penalty,0,0,0
5TH,Unspecified,0,1052,0
10TH,Sustained-No Penalty,0,0,0
6TH,Administrative Termination,0,0,0
10TH,Suspended,0,86,0
6TH,Reinstated By Court Action,0,2,0
6TH,Reinstated By Police Board,0,3,0
10TH,Separation,0,0,0
6TH,Resigned,0,11,0
6TH,Resigned -Not Served,0,0,0
6TH,Separated Other Case,0,0,0
6TH,Suspended,0,130,0
6TH,Sustained-No Penalty,0,0,0
6TH,Unspecified,0,1463,0
10TH,Separated Other Case,0,0,0
7TH,Administrative Termination,0,0,0
10TH,Resigned -Not Served,0,0,0
7TH,Penalty Not Served,0,4,0
7TH,Reinstated By Court Action,0,0,0
7TH,Reinstated By Police Board,0,3,0
10TH,Resigned,0,12,0
7TH,Resigned,0,11,0
7TH,Resigned -Not Served,0,0,0
7TH,Separated Other Case,0,0,0
7TH,Separation,0,0,0
7TH,Suspended,0,146,0
7TH,Sustained-No Penalty,0,0,0
7TH,Unspecified,0,1438,0
10TH,Administrative Termination,0,0,0
8TH,Administrative Termination,0,0,0
8TH,Penalty Not Served,0,6,0
8TH,Reinstated By Court Action,0,0,0
8TH,Reinstated By Police Board,0,0,0
10TH,Reinstated By Police Board,0,0,0
8TH,Resigned -Not Served,0,0,0
8TH,Separated Other Case,0,0,0
8TH,Suspended,0,198,0
8TH,Sustained-No Penalty,0,0,0
8TH,Unspecified,0,1621,0
10TH,Reinstated By Court Action,0,0,0
9TH,Administrative Termination,0,0,0
9TH,Penalty Not Served,0,5,0
9TH,Reinstated By Court Action,0,0,0
9TH,Reinstated By Police Board,0,0,0
9TH,Resigned,0,5,0
9TH,Resigned -Not Served,0,0,0
9TH,Separated Other Case,0,0,0
9TH,Suspended,0,115,0
9TH,Sustained-No Penalty,0,0,0
9TH,Unspecified,0,845,0
14TH,Sustained-No Penalty,0,0,0
14TH,Suspended,0,94,0
14TH,Unspecified,0,377,0
15TH,Administrative Termination,0,0,0
14TH,Separated Other Case,0,0,0
15TH,Penalty Not Served,0,7,0
15TH,Reinstated By Court Action,0,0,0
15TH,Reinstated By Police Board,0,0,0
14TH,Resigned -Not Served,0,0,0
15TH,Resigned,0,7,0
15TH,Resigned -Not Served,0,0,0
15TH,Separated Other Case,0,0,0
15TH,Suspended,0,73,0
15TH,Sustained-No Penalty,0,0,0
15TH,Unspecified,0,751,0
16TH,Administrative Termination,0,0,0
16TH,Penalty Not Served,0,10,0
16TH,Reinstated By Court Action,0,0,0
16TH,Reinstated By Police Board,0,0,0
14TH,Reinstated By Police Board,0,0,0
16TH,Resigned,0,8,0
16TH,Resigned -Not Served,0,0,0
16TH,Separated Other Case,0,0,0
16TH,Separation,0,2,0
16TH,Suspended,0,138,0
16TH,Sustained-No Penalty,0,0,0
16TH,Unspecified,0,523,0
17TH,Administrative Termination,0,0,0
14TH,Reinstated By Court Action,0,0,0
17TH,Penalty Not Served,0,6,0
17TH,Reinstated By Court Action,0,0,0
17TH,Reinstated By Police Board,0,0,0
17TH,Resigned,0,4,0
17TH,Resigned -Not Served,0,0,0
17TH,Separated Other Case,0,0,0
17TH,Separation,0,0,0
17TH,Suspended,0,68,0
